Product Name,Generic Name,Company,Category,Strength,Pack Size,MRP,Selling Price,Stock,Batch Number,Expiry Date,Image URL
Parasitin,Ivermectin,"Square Pharmaceuticals PLC, Pabna",Injection,1 gm/100 ml,,,,,,,
Aclitol Cozycap,Aclidinium Bromide + Formoterol Fumarate Dihydrate,"Square Pharmaceuticals PLC, Pabna",Capsule,400 mcg + 12 mcg,,,,,,,
Flexilax Oral Solution,Baclofen,"Square Pharmaceuticals PLC, Pabna",Syrup,100 mg/100 ml,,,,,,,
Camlotor,Amlodipine + Atorvastatin,"Square Pharmaceuticals PLC, Pabna",Tablet,5 mg + 10 mg,,,,,,,
Adryl,Diphenhydramine Hydrochloride,"Square Pharmaceuticals PLC, Pabna",Syrup,10 mg/5 ml,,,,,,,
Hivarif,Lamivudine,"Square Pharmaceuticals PLC, Pabna",Tablet,150 mg,,,,,,,
Olmecar,Olmesartan Medoxomil,"Square Pharmaceuticals PLC, Pabna",Tablet,40 mg,,,,,,,
Trupan,Pantoprazole,"Square Pharmaceuticals PLC, Pabna",Tablet,40 mg,,,,,,,
Bismacid,Bismuth Subcitrate,"Square Pharmaceuticals PLC, Pabna",Tablet,120 mg,,,,,,,
Antazol,Sodium Cromoglycate + Xylometazoline Hydrochloride,"Square Pharmaceuticals PLC, Pabna",Nasal Drops,2 gm + 25 mg/100 ml,,,,,,,
Floricol - vet,Florfenicol,"Square Pharmaceuticals PLC, Pabna",Oral Solution,20 gm/100 ml,,,,,,,
E-Sel Solution,Sodium Selenate + Vitamin E,"Square Pharmaceuticals PLC, Pabna",Oral Solution,50 mg + 10 gm/100 ml,,,,,,,
Maxrin D,Dutasteride + Tamsulosin Hydrochloride,"Square Pharmaceuticals PLC, Pabna",Capsule,500 mcg + 400 mcg,,,,,,,
Alice Lotion,Ivermectin,"Square Pharmaceuticals PLC, Pabna",Lotion,500 mg/100 gm,,,,,,,
Flexilax,Baclofen,"Square Pharmaceuticals PLC, Pabna",Tablet,10 mg,,,,,,,
Vardamate 10,Vardenafil Hydrochloride,"Square Pharmaceuticals PLC, Pabna",Tablet,10 mg,,,,,,,
Flexilax,Baclofen,"Square Pharmaceuticals PLC, Pabna",Tablet,5 mg,,,,,,,
Maxcef,Cefotaxime,"Square Pharmaceuticals PLC, Pabna",IV/IM Injection,250 mg/vial,,,,,,,
Rex,Betacarotene + Vitamin C + Vitamin E,"Square Pharmaceuticals PLC, Pabna",Tablet,6 mg + 200 mg + 50 mg,,,,,,,
Safyron,Dydrogesterone,"Square Pharmaceuticals PLC, Pabna",Tablet,10 mg,,,,,,,
Olmecar 10,Olmesartan Medoxomil,"Square Pharmaceuticals PLC, Pabna",Tablet,10 mg,,,,,,,
Utal,Ulipristal Acetate,"Square Pharmaceuticals PLC, Pabna",Tablet,5 mg,,,,,,,
Polyron,Iron Hydroxide Polymaltose,"Square Pharmaceuticals PLC, Pabna",Syrup,200 mg/5 ml,,,,,,,
Alarid,Ketotifen,"Square Pharmaceuticals PLC, Pabna",Eye Drops,0.03%,,,,,,,
Ceevit,Vitamin C,"Square Pharmaceuticals PLC, Pabna",Paediatric Drops,100 mg/ml,,,,,,,
Nalid,Nalidixic Acid,"Square Pharmaceuticals PLC, Pabna",Powder For Suspension,300 mg/5 ml,,,,,,,
Ezex,Clobetasone Butyrate,"Square Pharmaceuticals PLC, Pabna",Cream,50 mg/100 gm,,,,,,,
Ticas,Fluticasone Propionate,"Square Pharmaceuticals PLC, Pabna",Cream,50 mg/100 gm,,,,,,,
Ezex,Clobetasone Butyrate,"Square Pharmaceuticals PLC, Pabna",Ointment,50 mg/100 gm,,,,,,,
Nomi Nasal Spray,Zolmitriptan,"Square Pharmaceuticals PLC, Pabna",Nasal Spray,2.5 mg/5 ml,,,,,,,
Rivatig 1.5,Rivastigmine,"Square Pharmaceuticals PLC, Pabna",Capsule,1.5 mg,,,,,,,
Iracet,Levetiracetam,"Square Pharmaceuticals PLC, Pabna",Suspension,100 mg/ml,,,,,,,
Loracef,Cefaclor,"Square Pharmaceuticals PLC, Pabna",Tablet,375 mg,,,,,,,
Ulcerid,Cimetidine,"Square Pharmaceuticals PLC, Pabna",Tablet,200 mg,,,,,,,
Ceevit,Vitamin C,"Square Pharmaceuticals PLC, Pabna",Tablet,1 gm,,,,,,,
Amenavir 200 Tablet,Amenamevir,"Square Pharmaceuticals PLC, Pabna",Tablet,200 mg,,,,,,,
Rasalet 0.5,Rasagiline,"Square Pharmaceuticals PLC, Pabna",Tablet,500 mcg,,,,,,,
Trupan,Pantoprazole,"Square Pharmaceuticals PLC, Pabna",Injection,40 mg/vial,,,,,,,
Fungidal,Miconazole,"Square Pharmaceuticals PLC, Pabna",Cream,20 mg/gm,,,,,,,
Doxacil,Doxycycline,"Square Pharmaceuticals PLC, Pabna",Capsule,100 mg,,,,,,,
Hepavir,Lamivudine,"Square Pharmaceuticals PLC, Pabna",Tablet,100 mg,,,,,,,
Cardipro,Atenolol,"Square Pharmaceuticals PLC, Pabna",Tablet,100 mg,,,,,,,
Kitex,Dexketoprofen,"Square Pharmaceuticals PLC, Pabna",Tablet,25 mg,,,,,,,
Maxcef,Cefotaxime,"Square Pharmaceuticals PLC, Pabna",IV/IM Injection,500 mg/vial,,,,,,,
Gelora,Miconazole,"Square Pharmaceuticals PLC, Pabna",Oral Gel,20 mg/gm,,,,,,,
Alarid,Ketotifen,"Square Pharmaceuticals PLC, Pabna",Tablet,1 mg,,,,,,,
Ucol,Tolterodine Tartrate,"Square Pharmaceuticals PLC, Pabna",Tablet,1 mg,,,,,,,
Dipantin,Dipyridamole,"Square Pharmaceuticals PLC, Pabna",Tablet,100 mg,,,,,,,
Truxil,Almitrine Bismesylate + Raubasine,"Square Pharmaceuticals PLC, Pabna",Tablet,30 mg + 10 mg,,,,,,,
Rasalet 1,Rasagiline,"Square Pharmaceuticals PLC, Pabna",Tablet,1 mg,,,,,,,
Pentadol,Tapentadol,"Square Pharmaceuticals PLC, Pabna",Tablet,100 mg,,,,,,,
Iracet,Levetiracetam,"Square Pharmaceuticals PLC, Pabna",Injection,500 mg/5 ml,,,,,,,
Doxacil,Doxycycline,"Square Pharmaceuticals PLC, Pabna",Powder,100 mg/gm,,,,,,,
Melano Cream,Fluocinolone + Hydroquinone + Tretinoin,"Square Pharmaceuticals PLC, Pabna",Cream,.01 gm + 4 gm + .05 gm/100 gm,,,,,,,
Alice 6,Ivermectin,"Square Pharmaceuticals PLC, Pabna",Tablet,6 mg,,,,,,,
Maxcef,Cefotaxime,"Square Pharmaceuticals PLC, Pabna",IV/IM Injection,1 gm/vial,,,,,,,
Alarid,Ketotifen,"Square Pharmaceuticals PLC, Pabna",Syrup,1 mg/5 ml,,,,,,,
Loracef,Cefaclor,"Square Pharmaceuticals PLC, Pabna",Paediatric Drops,125 mg/1.25 ml,,,,,,,
Osiden,Adenosine,"Square Pharmaceuticals PLC, Pabna",Injection,6 mg/2ml,,,,,,,
Saltoral,Dextrose Anhydrous + Potassium Chloride + Sodium Chloride + Trisodium Citrate,"Square Pharmaceuticals PLC, Pabna",Oral Saline,10 gm + 750 gm + 1.75 gm + 1.45 gm/500 ml,,,,,,,
Flonaspray Max,Fluticasone Propionate,"Square Pharmaceuticals PLC, Pabna",Nasal Spray,93 mcg,,,,,,,
Flasocozy,Fluticasone Propionate,"Square Pharmaceuticals PLC, Pabna",Aerosol Inhalation,500 mcg/Metered Inhalation,,,,,,,
Hivarif,Lamivudine,"Square Pharmaceuticals PLC, Pabna",Syrup,50 mg/5 ml,,,,,,,
Suzyme,Pancreatin,"Square Pharmaceuticals PLC, Pabna",Tablet,325 mg,,,,,,,
Inox,Linezolid,"Square Pharmaceuticals PLC, Pabna",Tablet,600 mg,,,,,,,
Alice 12,Ivermectin,"Square Pharmaceuticals PLC, Pabna",Tablet,12 mg,,,,,,,
Loracef,Cefaclor,"Square Pharmaceuticals PLC, Pabna",Powder For Suspension,125 mg/5 ml,,,,,,,
Cevit Gum,Vitamin C,"Square Pharmaceuticals PLC, Pabna",Gum,125 mg,,,,,,,
Dimi,Sulphadimidine,"Square Pharmaceuticals PLC, Pabna",Injection,33.3 gm/100 ml,,,,,,,
Loracef,Cefaclor,"Square Pharmaceuticals PLC, Pabna",Capsule,250 mg,,,,,,,
Loracef,Cefaclor,"Square Pharmaceuticals PLC, Pabna",Capsule,500 mg,,,,,,,
Calcitrol Licap,Calcitriol,"Square Pharmaceuticals PLC, Pabna",Capsule,.25 mcg,,,,,,,
Scabex Plus,Crotamiton + Permethrin,"Square Pharmaceuticals PLC, Pabna",Lotion,10 gm + 5 gm/100 ml,,,,,,,
Nalid,Nalidixic Acid,"Square Pharmaceuticals PLC, Pabna",Tablet,500 mg,,,,,,,
Mirakof,Butamirate Citrate,"Square Pharmaceuticals PLC, Pabna",Syrup,150 mg/100 ml,,,,,,,
Iracet,Levetiracetam,"Square Pharmaceuticals PLC, Pabna",Tablet,250 mg,,,,,,,
Tulip,Ulipristal Acetate,"Square Pharmaceuticals PLC, Pabna",Tablet,30 mg,,,,,,,
Iracet,Levetiracetam,"Square Pharmaceuticals PLC, Pabna",Tablet,500 mg,,,,,,,
Vertina,Meclizine Hydrochloride,"Square Pharmaceuticals PLC, Pabna",Tablet,50 mg,,,,,,,
Mirakof,Butamirate Citrate,"Square Pharmaceuticals PLC, Pabna",Tablet,50 mg,,,,,,,
Ceevit,Vitamin C,"Square Pharmaceuticals PLC, Pabna",Tablet,250 mg,,,,,,,
Ucol,Tolterodine Tartrate,"Square Pharmaceuticals PLC, Pabna",Tablet,2 mg,,,,,,,
Pentadol,Tapentadol,"Square Pharmaceuticals PLC, Pabna",Tablet,50 mg,,,,,,,
Pentadol,Tapentadol,"Square Pharmaceuticals PLC, Pabna",Tablet,75 mg,,,,,,,
Cardipro,Atenolol,"Square Pharmaceuticals PLC, Pabna",Tablet,50 mg,,,,,,,
Antazol Plus Metered Dose,Sodium Cromoglycate + Xylometazoline Hydrochloride,"Square Pharmaceuticals PLC, Pabna",Nasal Spray,2.6 mg + 32.5 mg/100 ml,,,,,,,
Flonaspar,Fluticasone Propionate,"Square Pharmaceuticals PLC, Pabna",Nasal Spray,50 mcg/Spray,,,,,,,
Emolent,Light Liquid Paraffin + White Soft Paraffin,"Square Pharmaceuticals PLC, Pabna",Lotion,3 gm + 8 gm/100 gm,,,,,,,
Nomi,Zolmitriptan,"Square Pharmaceuticals PLC, Pabna",Tablet,2.5 mg,,,,,,,
Ceevit,Vitamin C,"Square Pharmaceuticals PLC, Pabna",Syrup,100 mg/5 ml,,,,,,,
Renorma,Tibolone,"Square Pharmaceuticals PLC, Pabna",Tablet,2.5 mg,,,,,,,
Camlosart 5/20,Amlodipine + Olmesartan Medoxomil,"Square Pharmaceuticals PLC, Pabna",Tablet,5 mg + 20 mg,,,,,,,
Stiagen,Tiamulin Hydrogen Fumerate,"Square Pharmaceuticals PLC, Pabna",Powder,45%,,,,,,,
Ticas,Fluticasone Propionate,"Square Pharmaceuticals PLC, Pabna",Ointment,5 mg/100 gm,,,,,,,
Emolent,Light Liquid Paraffin + White Soft Paraffin,"Square Pharmaceuticals PLC, Pabna",Cream,6 gm + 15 gm/100 gm,,,,,,,
Mirakof Paed Drops,Butamirate Citrate,"Square Pharmaceuticals PLC, Pabna",Oral Drops,500 mg/100 ml,,,,,,,
Flaso,Fluticasone Propionate,"Square Pharmaceuticals PLC, Pabna",Aerosol Inhalation,250 mcg/Metered Inhalation,,,,,,,
Fona Plus,Adapalene + Benzoyl Peroxide,"Square Pharmaceuticals PLC, Pabna",Gel,.1 gm + 2.5 gm/100 gm,,,,,,,
Rivatig 3 Capsule,Rivastigmine,"Square Pharmaceuticals PLC, Pabna",Capsule,3 mg,,,,,,,
Vardamate 20,Vardenafil Hydrochloride,"Square Pharmaceuticals PLC, Pabna",Tablet,20 mg,,,,,,,
Inox,Linezolid,"Square Pharmaceuticals PLC, Pabna",Tablet,400 mg,,,,,,,
Trupan,Pantoprazole,"Square Pharmaceuticals PLC, Pabna",Tablet,20 mg,,,,,,,
Camlosart 5/40,Amlodipine + Olmesartan Medoxomil,"Square Pharmaceuticals PLC, Pabna",Tablet,5 mg + 40 mg,,,,,,,
Olmecar,Olmesartan Medoxomil,"Square Pharmaceuticals PLC, Pabna",Tablet,20 mg,,,,,,,
Eromycin,Erythromycin,"Square Pharmaceuticals PLC, Pabna",Solution,100 mg/5 ml,,,,,,,
Akicin 500 IM/IV,Amikacin,"Square Pharmaceuticals PLC, Pabna",Injection,500 mg/2 ml,,,,,,,
Opaxon,Naloxone Hydrochloride,"Square Pharmaceuticals PLC, Pabna",Injection,400 mcg/ml,,,,,,,
Dyvon Plus,Betamethasone + Calcipotriol,"Square Pharmaceuticals PLC, Pabna",Topical Suspension,50 mg + 5 mg/100 gm,,,,,,,
Tozan Vet,Oxyclozanide + Tetramisole Hydrochloride,"Square Pharmaceuticals PLC, Pabna",Bolus,1.4 gm + 2 gm,,,,,,,
Beclomin,Beclomethasone Dipropionate,"Square Pharmaceuticals PLC, Pabna",Inhalation Solution,250 mcg,,,,,,,
Eromycin,Erythromycin,"Square Pharmaceuticals PLC, Pabna",Paediatric Drops,50 mg/1.25 ml,,,,,,,
Nebita 2.5,Nebivolol,"Square Pharmaceuticals PLC, Pabna",Tablet,2.5 mg,,,,,,,
Acetram,Paracetamol + Tramadol Hydrochloride,"Square Pharmaceuticals PLC, Pabna",Tablet,325 mg + 37.5 mg,,,,,,,
Clofenac,Diclofenac Sodium,"Square Pharmaceuticals PLC, Pabna",Suppository,12.5 mg,,,,,,,
Akicin 100 IM/IV,Amikacin,"Square Pharmaceuticals PLC, Pabna",Injection,100 mg/2 ml,,,,,,,
Avaspray,Fluticasone Furoate,"Square Pharmaceuticals PLC, Pabna",Nasal Spray,27.5 mcg/Spray,,,,,,,
Beclomin,Beclomethasone Dipropionate,"Square Pharmaceuticals PLC, Pabna",Aerosol Inhalation,250 mcg/Metered Inhalation,,,,,,,
Cef-3,Cefixime,"Square Pharmaceuticals PLC, Pabna",Capsule,400 mg,,,,,,,
Eromycin,Erythromycin,"Square Pharmaceuticals PLC, Pabna",Lotion,150 mg/5 ml,,,,,,,
Durol,Carvedilol,"Square Pharmaceuticals PLC, Pabna",Tablet,12.5 mg,,,,,,,
Anzitor,Atorvastatin,"Square Pharmaceuticals PLC, Pabna",Tablet,20 mg,,,,,,,
Contifil,Theophylline,"Square Pharmaceuticals PLC, Pabna",Tablet,400 mg,,,,,,,
Rozy DS,Drospirenone + Estradiol,"Square Pharmaceuticals PLC, Pabna",Tablet,500 mcg + 1 mg,,,,,,,
Amodis,Metronidazole,"Square Pharmaceuticals PLC, Pabna",Tablet,400 mg,,,,,,,
Eslicar 400,Eslicarbazepine Acetate,"Square Pharmaceuticals PLC, Pabna",Tablet,400 mg,,,,,,,
Z-DT,Zinc,"Square Pharmaceuticals PLC, Pabna",Tablet,20 mg,,,,,,,
Atrosul,Atropine Sulphate,"Square Pharmaceuticals PLC, Pabna",Eye Drops,1 gm/100 ml,,,,,,,
Betameson CL,Betamethasone + Clotrimazole,"Square Pharmaceuticals PLC, Pabna",Cream,50 mg + 1 gm/100 gm,,,,,,,
Avit Licap,Vitamin A,"Square Pharmaceuticals PLC, Pabna",Soft Gelatin Capsule,50000 IU,,,,,,,
Malacide,Pyrimethamine + Sulfadoxine,"Square Pharmaceuticals PLC, Pabna",Tablet,25 mg + 500 mg,,,,,,,
Zesup,Zinc,"Square Pharmaceuticals PLC, Pabna",Syrup,10 mg/5 ml,,,,,,,
Ranolin XR,Ranolazine,"Square Pharmaceuticals PLC, Pabna",Er Tablet,1000 mg,,,,,,,
Durol,Carvedilol,"Square Pharmaceuticals PLC, Pabna",Tablet,6.25 mg,,,,,,,
Avit,Vitamin A,"Square Pharmaceuticals PLC, Pabna",Tablet,50000 IU,,,,,,,
Rozy,Drospirenone + Estradiol,"Square Pharmaceuticals PLC, Pabna",Tablet,250 mcg + 500 mcg,,,,,,,
Ace,Caffeine + Paracetamol,"Square Pharmaceuticals PLC, Pabna",Tablet,65 mg + 500 mg,,,,,,,
Nobloat-Vet Suspension,Simethicone,"Square Pharmaceuticals PLC, Pabna",Suspension,1 gm/100 ml,,,,,,,
Amistar 250 IM/IV,Amikacin,"Square Pharmaceuticals PLC, Pabna",Injection,250 mg/2 ml,,,,,,,
Flacol,Simethicone,"Square Pharmaceuticals PLC, Pabna",Chewable Tablet,40 mg,,,,,,,
Anzitor,Atorvastatin,"Square Pharmaceuticals PLC, Pabna",Tablet,40 mg,,,,,,,
Carditab,Propranolol Hydrochloride,"Square Pharmaceuticals PLC, Pabna",Tablet,40 mg,,,,,,,
Filwel,Ascorbic Acid + Biotin + Boron + Calcium Carbonate + Chromium + Copper + Cyanocobalamin + Diabasic Calcium Phosphate + Elemental Iron + Folic Acid + Iodine + Lutein + Magnesium + Manganese + Molybdenum + Niacin + Nickel + Pantothenic acid + Potassium Chloride + Pyridoxine Hydrochloride + Riboflavin + Selenium + Silicon + Tin + Vanadium + Vitamin,"Square Pharmaceuticals PLC, Pabna",Tablet,B1 + Vitamin D + Vitamin E + Vitamin K + Zinc  60 mg + 30 mcg + 150 mcg + 52.49 mg + 120 mcg + 2 mg + 6 mcg + 478.695 mg + 18 mg + 400 mcg + 150 mcg + 250 mcg + 100 mg + 2 mg + 75 mcg + 20 mg + 5 mcg + 10 mg + 152.52 mg + 2 mg + 1.7 mg + 20 mcg + 2 mg + 10 mcg + 10 mcg + 1.5 mg + 400 IU + 30 IU + 25 mcg + 15 mg,,,,,,,
Lysivin,Folic Acid + L-Lysine + Nicotinamide + Vitamin A + Vitamin,"Square Pharmaceuticals PLC, Pabna",Tablet,B1 + Vitamin B12 + Vitamin B2 + Vitamin B6 + Vitamin C + Vitamin D3 + Vitamin E  250 mcg + 50 mg + 2.5 mg + 1500 IU + 250 mcg + 2 mcg + 250 mcg + 250 mcg + 50 mg + 100 IU + 10 IU,,,,,,,
Zimax,Azithromycin,"Square Pharmaceuticals PLC, Pabna",Powder For Suspension,200 mg/5 ml,,,,,,,
Phylopen,Flucloxacillin,"Square Pharmaceuticals PLC, Pabna",Injection,250 mg/vial,,,,,,,
Becospary,Beclomethasone Dipropionate,"Square Pharmaceuticals PLC, Pabna",Nasal Spray,1 mcg/Spray,,,,,,,
Trispray,Triamcinolone Acetonide,"Square Pharmaceuticals PLC, Pabna",Nasal Spray,55 mcg/Metered Inhalation,,,,,,,
Clofenac,Diclofenac Sodium,"Square Pharmaceuticals PLC, Pabna",Emulgel,1 gm/100 gm,,,,,,,
Lansoprazole,Lansoprazole,"Square Pharmaceuticals PLC, Pabna",Pellets,85 gm/ KG,,,,,,,
Clofenac,Diclofenac Sodium,"Square Pharmaceuticals PLC, Pabna",Gel,1 gm/100 gm,,,,,,,
Locular,Brimonidine Tartrate,"Square Pharmaceuticals PLC, Pabna",Eye Drops,0.20%,,,,,,,
Nicotop Gel,Nicotinamide,"Square Pharmaceuticals PLC, Pabna",Gel,4 gm/100 gm,,,,,,,
Carditab,Propranolol Hydrochloride,"Square Pharmaceuticals PLC, Pabna",Tablet,10 mg,,,,,,,
Anzitor,Atorvastatin,"Square Pharmaceuticals PLC, Pabna",Tablet,10 mg,,,,,,,
Deprex,Olanzapine,"Square Pharmaceuticals PLC, Pabna",Tablet,5 mg,,,,,,,
Anoxa,Oxazepam,"Square Pharmaceuticals PLC, Pabna",Tablet,10 mg,,,,,,,
Tusca Plus,Diphenhydramine Hydrochloride + Guaiphenesin + Levomenthol,"Square Pharmaceuticals PLC, Pabna",Syrup,280 mg + 2000 mg + 22 mg/100 ml,,,,,,,
Nebita 5,Nebivolol,"Square Pharmaceuticals PLC, Pabna",Tablet,5 mg,,,,,,,
Cerevas,Vinpocetine,"Square Pharmaceuticals PLC, Pabna",Tablet,5 mg,,,,,,,
Tridil,Trifluoperazine,"Square Pharmaceuticals PLC, Pabna",Tablet,5 mg,,,,,,,
Geston,Allystrenol,"Square Pharmaceuticals PLC, Pabna",Tablet,5 mg,,,,,,,
Sedno,Desloratadine,"Square Pharmaceuticals PLC, Pabna",Tablet,5 mg,,,,,,,
Deprex,Olanzapine,"Square Pharmaceuticals PLC, Pabna",Tablet,10 mg,,,,,,,
Alatrol,Cetirizine Dihydrochloride,"Square Pharmaceuticals PLC, Pabna",Tablet,10 mg,,,,,,,
Purotrol,Levocetirizine Hydrochloride,"Square Pharmaceuticals PLC, Pabna",Tablet,5 mg,,,,,,,
Z-DT,Zinc,"Square Pharmaceuticals PLC, Pabna",Tablet,10 mg,,,,,,,
Amodis,Metronidazole,"Square Pharmaceuticals PLC, Pabna",Suspension,200 mg/5 ml,,,,,,,
Moxacil,Amoxicillin,"Square Pharmaceuticals PLC, Pabna",Powder,30%,,,,,,,
Moxacil,Amoxicillin,"Square Pharmaceuticals PLC, Pabna",Powder For Suspension,250 mg/5 ml,,,,,,,
Anca,Cefprozil,"Square Pharmaceuticals PLC, Pabna",Powder For Suspension,250 mg/5 ml,,,,,,,
Dyvon,Betamethasone + Calcipotriol,"Square Pharmaceuticals PLC, Pabna",Ointment,.05 gm + .005 gm/100 gm,,,,,,,
Moxacil (Vet),Amoxicillin,"Square Pharmaceuticals PLC, Pabna",Injection,1 gm,,,,,,,
Amodis,Metronidazole,"Square Pharmaceuticals PLC, Pabna",Bolus,2 gm,,,,,,,
Beclomin,Beclomethasone Dipropionate,"Square Pharmaceuticals PLC, Pabna",Aerosol Inhalation,100 mcg/Metered Inhalation,,,,,,,
Beclomin,Beclomethasone Dipropionate,"Square Pharmaceuticals PLC, Pabna",Aerosol Inhalation,100 mcg/Metered Inhalation,,,,,,,
Moxacil,Amoxicillin,"Square Pharmaceuticals PLC, Pabna",Bolus,875 mg,,,,,,,
Asmanyl,Theophylline,"Square Pharmaceuticals PLC, Pabna",Capsule,300 mg,,,,,,,
Olicod,Cod Liver Oil,"Square Pharmaceuticals PLC, Pabna",Capsule,300 mg,,,,,,,
Cef-3,Cefixime,"Square Pharmaceuticals PLC, Pabna",Capsule,200 mg,,,,,,,
Amodis,Metronidazole,"Square Pharmaceuticals PLC, Pabna",Tablet,200 mg,,,,,,,
Sedno,Desloratadine,"Square Pharmaceuticals PLC, Pabna",Syrup,2.5 mg/5 ml,,,,,,,
Comet 1 gm,Metformin,"Square Pharmaceuticals PLC, Pabna",Tablet,1 gm,,,,,,,
Secnid,Secnidazole,"Square Pharmaceuticals PLC, Pabna",Tablet,1 gm,,,,,,,
Neurolep,Piracetam,"Square Pharmaceuticals PLC, Pabna",Tablet,800 mg,,,,,,,
Contifil,Theophylline,"Square Pharmaceuticals PLC, Pabna",Tablet,300 mg,,,,,,,
Revira,Valacyclovir,"Square Pharmaceuticals PLC, Pabna",Tablet,1 gm,,,,,,,
Amodis,Metronidazole,"Square Pharmaceuticals PLC, Pabna",Tablet,800 mg,,,,,,,
Phylopen,Flucloxacillin,"Square Pharmaceuticals PLC, Pabna",Injection,500 mg/vial,,,,,,,
Dexonex,Dexamethasone Sodium Phosphate,"Square Pharmaceuticals PLC, Pabna",Injection,5 mg/ml,,,,,,,
Beclomin,Beclomethasone Dipropionate,"Square Pharmaceuticals PLC, Pabna",Inhalation Solution,100 mcg,,,,,,,
Clofenac,Diclofenac Sodium,"Square Pharmaceuticals PLC, Pabna",Sr Tablet,100 mg,,,,,,,
Clofenac,Diclofenac Sodium,"Square Pharmaceuticals PLC, Pabna",Suppository,25 mg,,,,,,,
Fungidal,Hydrocortisone + Miconazole Nitrate,"Square Pharmaceuticals PLC, Pabna",Cream,1 gm + 2 gm/100 gm,,,,,,,
Clofenac,Diclofenac Sodium,"Square Pharmaceuticals PLC, Pabna",Suppository,100 mg,,,,,,,
Fungidal,Hydrocortisone + Miconazole Nitrate,"Square Pharmaceuticals PLC, Pabna",Cream,1 gm + 2 gm/100 gm,,,,,,,
Norvent,Tiotropium,"Square Pharmaceuticals PLC, Pabna",Aerosol Inhalation,9 mcg/Metered Inhalation,,,,,,,
Clofenac 100 TR,Diclofenac Sodium,"Square Pharmaceuticals PLC, Pabna",Capsule,100 mg,,,,,,,
Durol,Carvedilol,"Square Pharmaceuticals PLC, Pabna",Tablet,25 mg,,,,,,,
Tridil,Trifluoperazine,"Square Pharmaceuticals PLC, Pabna",Tablet,1 mg,,,,,,,
Asmanyl,Theophylline,"Square Pharmaceuticals PLC, Pabna",Syrup,120 mg/5 ml,,,,,,,
Piramed,Topiramate,"Square Pharmaceuticals PLC, Pabna",Tablet,25 mg,,,,,,,
Clofenac,Diclofenac Sodium,"Square Pharmaceuticals PLC, Pabna",Tablet,25 mg,,,,,,,
Kalinac,Diclofenac Sodium,"Square Pharmaceuticals PLC, Pabna",Tablet,25 mg,,,,,,,
Volinac Max,Diclofenac Sodium,"Square Pharmaceuticals PLC, Pabna",Gel,2 gm/100 gm,,,,,,,
Tam,Tylosin,"Square Pharmaceuticals PLC, Pabna",Powder,20 gm/100 gm,,,,,,,
Beclomin,Beclomethasone Dipropionate,"Square Pharmaceuticals PLC, Pabna",Aerosol Inhalation,200 mcg/Metered Inhalation,,,,,,,
Beclomin,Beclomethasone Dipropionate,"Square Pharmaceuticals PLC, Pabna",Aerosol Inhalation,200 mcg/Metered Inhalation,,,,,,,
Beclomin,Beclomethasone Dipropionate,"Square Pharmaceuticals PLC, Pabna",Aerosol Inhalation,200 mcg/Metered Inhalation,,,,,,,
Zif,Ferrous Sulphate + Folic Acid + Zinc,"Square Pharmaceuticals PLC, Pabna",Capsule,150 mg + 500 mcg + 22.5 mg,,,,,,,
Zif-CI,Ferrous Sulphate + Folic Acid + Zinc,"Square Pharmaceuticals PLC, Pabna",Capsule,150 mg + 500 mcg + 22.5 mg,,,,,,,
Cif,Ferrous Sulphate + Folic Acid + Zinc,"Square Pharmaceuticals PLC, Pabna",Capsule,150 mg + 500 mcg + 22.5 mg,,,,,,,
Merison,Betahistine Mesilate,"Square Pharmaceuticals PLC, Pabna",Tablet,6 mg,,,,,,,
Ziliron,Ferrous Sulphate + Folic Acid + Zinc,"Square Pharmaceuticals PLC, Pabna",Tablet,150 mg + 500 mcg + 22.5 mg,,,,,,,
Calbo,Calcium Carbonate + Calcium Lactate Gluconate + Vitamin C + Vitamin D,,Tablet,327 mg + 1 gm + 500 mg + 400 IU,,,,,,,
Neurolep,Piracetam,"Square Pharmaceuticals PLC, Pabna",Syrup,500 mg/5 ml,,,,,,,
Alatrol,Cetirizine Dihydrochloride,"Square Pharmaceuticals PLC, Pabna",Syrup,5 mg/5 ml,,,,,,,
Clofenac,Diclofenac Sodium,"Square Pharmaceuticals PLC, Pabna",Eye Drops,1 mg/ml,,,,,,,
Moxacil,Amoxicillin,"Square Pharmaceuticals PLC, Pabna",Paediatric Drops,125 mg/1.25 ml,,,,,,,
Flacol,Simethicone,"Square Pharmaceuticals PLC, Pabna",Paediatric Drops,67 mg/ml,,,,,,,
Moxacil,Amoxicillin,"Square Pharmaceuticals PLC, Pabna",Powder,10%,,,,,,,
Emolent Plus,Glycerol + Liquid Paraffin + White Soft Paraffin,"Square Pharmaceuticals PLC, Pabna",Cream,10 gm + 10 gm + 5 gm/100 gm,,,,,,,
Beclomin,Beclomethasone Dipropionate,"Square Pharmaceuticals PLC, Pabna",Inhalation Capsule,400 mcg,,,,,,,
Norvent,Tiotropium,"Square Pharmaceuticals PLC, Pabna",Inhalation Capsule,18 mcg,,,,,,,
Secnid,Secnidazole,"Square Pharmaceuticals PLC, Pabna",Suspension,500 mg/10 ml,,,,,,,
Zesup,Zinc,"Square Pharmaceuticals PLC, Pabna",Syrup,10 mg/5 ml,,,,,,,
Trogel,Metronidazole,"Square Pharmaceuticals PLC, Pabna",Gel,750 mg/100 gm,,,,,,,
Amodis-Vet,Metronidazole,"Square Pharmaceuticals PLC, Pabna",Water Soluble Powder,30 gm/100 gm,,,,,,,
Bacide,Tobramycin,"Square Pharmaceuticals PLC, Pabna",Eye Drops,3 mg/ml,,,,,,,
Alatrol,Cetirizine Dihydrochloride,"Square Pharmaceuticals PLC, Pabna",Paediatric Drops,2.5 mg/ml,,,,,,,
Phylopen,Flucloxacillin,"Square Pharmaceuticals PLC, Pabna",Powder For Suspension,125 mg/5 ml,,,,,,,
Moxacil,Amoxicillin,"Square Pharmaceuticals PLC, Pabna",Powder For Suspension,125 mg/5 ml,,,,,,,
Sumid,Sulphanilamide,"Square Pharmaceuticals PLC, Pabna",Powder,100%,,,,,,,
Phylopen,Flucloxacillin,"Square Pharmaceuticals PLC, Pabna",Powder For Suspension,125 mg/5 ml,,,,,,,
Cresac,Metronidazole,"Square Pharmaceuticals PLC, Pabna",Cream,750 mg/100 gm,,,,,,,
Eromycin,Erythromycin,"Square Pharmaceuticals PLC, Pabna",Powder For Suspension,125 mg/5 ml,,,,,,,
Clofenac,Diclofenac Sodium,"Square Pharmaceuticals PLC, Pabna",Suppository,50 mg,,,,,,,
Moxacil,Amoxicillin,"Square Pharmaceuticals PLC, Pabna",Injection,250 mg,,,,,,,
K-One,Phytomenadione,"Square Pharmaceuticals PLC, Pabna",Injection,2 mg/.2 ml,,,,,,,
Prolert,Fluoxetine,"Square Pharmaceuticals PLC, Pabna",Oral Solution,400 mg/100 ml,,,,,,,
Ambrox,Ambroxol,"Square Pharmaceuticals PLC, Pabna",Paediatric Drops,6 mg/ml,,,,,,,
Betameson,Betamethasone + Neomycin Sulphate,"Square Pharmaceuticals PLC, Pabna",Ointment,100 mg + 500 mg/100 gm,,,,,,,
Moxaclav,Amoxicillin + Clavulanic Acid,"Square Pharmaceuticals PLC, Pabna",Powder For Suspension,250 mg + 31.25 mg/5 ml,,,,,,,
Salicid 12%,Salicylic Acid,"Square Pharmaceuticals PLC, Pabna",Cream,12 gm/100 gm,,,,,,,
Betameson,Betamethasone + Neomycin Sulphate,"Square Pharmaceuticals PLC, Pabna",Cream,100 mg + 500 mg/100 gm,,,,,,,
Ifacin,Rifampicin,"Square Pharmaceuticals PLC, Pabna",Capsule,150 mg,,,,,,,
Neurolin,Pregabalin,"Square Pharmaceuticals PLC, Pabna",Capsule,150 mg,,,,,,,
Orili 150,Elagolix,"Square Pharmaceuticals PLC, Pabna",Tablet,150 mg,,,,,,,
Brofex,Dextromethorphan Hydrobromide,"Square Pharmaceuticals PLC, Pabna",Syrup,10 mg/5 ml,,,,,,,
Itra,Itraconazole,"Square Pharmaceuticals PLC, Pabna",Oral Solution,10 mg/ml,,,,,,,
Carpine,Pilocarpine Hydrochloride,"Square Pharmaceuticals PLC, Pabna",Eye Drops,1%,,,,,,,
Butefin,Butenafine,"Square Pharmaceuticals PLC, Pabna",Cream,1%,,,,,,,
Moxaclav,Amoxicillin + Clavulanic Acid,"Square Pharmaceuticals PLC, Pabna",Injection,1 gm + 200 mg,,,,,,,
Versia,Neostigmine Methyl Sulphate,"Square Pharmaceuticals PLC, Pabna",Injection,500 mcg/ml,,,,,,,
K-One,Phytomenadione,"Square Pharmaceuticals PLC, Pabna",Injection,10 mg/ml,,,,,,,
Prazitel Vet,Praziquantel + Pyrantel,"Square Pharmaceuticals PLC, Pabna",Bolus,18.2 mg + 72.6 mg,,,,,,,
Ticamet 250 Cozycap,Fluticasone Propionate + Salmeterol,"Square Pharmaceuticals PLC, Pabna",Capsule,250 mcg + 50 mcg,,,,,,,
Tory,Etoricoxib,"Square Pharmaceuticals PLC, Pabna",Tablet,120 mg,,,,,,,
Moxaclav,Amoxicillin + Clavulanic Acid,"Square Pharmaceuticals PLC, Pabna",Tablet,875 mg + 125 mg,,,,,,,
Norpill,Levo Norgestrel,"Square Pharmaceuticals PLC, Pabna",Tablet,750 mcg,,,,,,,
Lulitop,Luliconazole,"Square Pharmaceuticals PLC, Pabna",Cream,10 mg/gm,,,,,,,
Ticamet,Fluticasone Propionate + Salmeterol,"Square Pharmaceuticals PLC, Pabna",Aerosol Inhalation,125 mcg + 25 mcg/Metered Inhalation,,,,,,,
Gleazy Gel,Glycerine + Hydroxy Ethyl Cellulose,"Square Pharmaceuticals PLC, Pabna",Gel,1.3 gm + 1 gm/50 gm,,,,,,,
Ocucid,Sulphacetamide Sodium,"Square Pharmaceuticals PLC, Pabna",Eye Drops,20 gm/100 ml,,,,,,,
Somna,Zaleplone,"Square Pharmaceuticals PLC, Pabna",Capsule,10 mg,,,,,,,
Somna,Zaleplone,"Square Pharmaceuticals PLC, Pabna",Capsule,5 mg,,,,,,,
Hypnol,Nitrazepam,"Square Pharmaceuticals PLC, Pabna",Tablet,5 mg,,,,,,,
Durol CR 10,Carvedilol Phosphate,"Square Pharmaceuticals PLC, Pabna",Cr Capsule,10 mg,,,,,,,
Inflagic,Prednisolone,"Square Pharmaceuticals PLC, Pabna",Tablet,5 mg,,,,,,,
Clobam,Clobazam,"Square Pharmaceuticals PLC, Pabna",Tablet,10 mg,,,,,,,
Methigic 8,Methyl Prednisolone,"Square Pharmaceuticals PLC, Pabna",Tablet,8 mg,,,,,,,
Antimet,Metoclopramide Hydrochloride,"Square Pharmaceuticals PLC, Pabna",Tablet,10 mg,,,,,,,
Dibenol,Glibenclamide,"Square Pharmaceuticals PLC, Pabna",Tablet,5 mg,,,,,,,
Lebac,Cephradine,"Square Pharmaceuticals PLC, Pabna",IV/IM Injection,250 mg/vial,,,,,,,
Suvotol,Suvorexant,"Square Pharmaceuticals PLC, Pabna",Tablet,10 mg,,,,,,,
Ciprocin,Ciprofloxacin,"Square Pharmaceuticals PLC, Pabna",Eye Drops,300 mg/100 ml,,,,,,,
Ciprocin,Ciprofloxacin,"Square Pharmaceuticals PLC, Pabna",Sr Tablet,1 gm,,,,,,,
Ciprocin,Ciprofloxacin,"Square Pharmaceuticals PLC, Pabna",Powder For Suspension,250 mg/5 ml,,,,,,,
Halobet,Halobetasol Propionate,"Square Pharmaceuticals PLC, Pabna",Cream,50 mg/100 gm,,,,,,,
Halobet,Halobetasol Propionate,"Square Pharmaceuticals PLC, Pabna",Ointment,50 mg/100 gm,,,,,,,
Lebac,Cephradine,"Square Pharmaceuticals PLC, Pabna",Powder For Suspension,250 mg/5 ml,,,,,,,
Moxaclav-Vet,Amoxicillin + Clavulanic Acid,"Square Pharmaceuticals PLC, Pabna",Injection,140 mg + 35 mg/ml,,,,,,,
Cozycol 800,Mesalamine,"Square Pharmaceuticals PLC, Pabna",Dr Tablet,800 mg,,,,,,,
Ciprocin Vet,Ciprofloxacin,"Square Pharmaceuticals PLC, Pabna",Bolus,1 gm,,,,,,,
Trilev,Levamisole + Triclabendazole,"Square Pharmaceuticals PLC, Pabna",Bolus,600 mg + 900 mg,,,,,,,
Trilve Vet,Levamisole + Triclabendazole,"Square Pharmaceuticals PLC, Pabna",Bolus,750 mg + 1.2 gm,,,,,,,
Anleptic 200 CR,Carbamazepine,"Square Pharmaceuticals PLC, Pabna",Tablet,200 mg,,,,,,,
Repres,Indapamide,"Square Pharmaceuticals PLC, Pabna",Tablet,1.5 mg,,,,,,,
Norpill,Levo Norgestrel,"Square Pharmaceuticals PLC, Pabna",Tablet,1.5 mg,,,,,,,
Orili 200,Elagolix,"Square Pharmaceuticals PLC, Pabna",Tablet,200 mg,,,,,,,
Anadol,Tramadol Hydrochloride,"Square Pharmaceuticals PLC, Pabna",Sr Capsule,100 mg,,,,,,,
Cavir,Entecavir,"Square Pharmaceuticals PLC, Pabna",Oral Solution,5 mg/100 ml,,,,,,,
Moxaclav,Amoxicillin + Clavulanic Acid,"Square Pharmaceuticals PLC, Pabna",Powder For Suspension,500 mg + 125 mg/5 ml,,,,,,,
Bactrocin,Mupirocin,"Square Pharmaceuticals PLC, Pabna",Ointment,100 mg/5 gm,,,,,,,
Anadol,Tramadol Hydrochloride,"Square Pharmaceuticals PLC, Pabna",Suppository,100 mg,,,,,,,
Endorin,Indomethacin,"Square Pharmaceuticals PLC, Pabna",Capsule,25 mg,,,,,,,
Itra,Itraconazole,"Square Pharmaceuticals PLC, Pabna",Capsule,100 mg,,,,,,,
Neurolin 25,Pregabalin,"Square Pharmaceuticals PLC, Pabna",Capsule,25 mg,,,,,,,
Camlodin,Amlodipine + Atenolol,"Square Pharmaceuticals PLC, Pabna",Tablet,5 mg + 25 mg,,,,,,,
Femastin-1,Estriol,"Square Pharmaceuticals PLC, Pabna",Tablet,1 mg,,,,,,,
Cavir,Entecavir,"Square Pharmaceuticals PLC, Pabna",Tablet,.5 mg,,,,,,,
Epitrol,Carbamazepine,"Square Pharmaceuticals PLC, Pabna",Tablet,100 mg,,,,,,,
Lebac,Cephradine,"Square Pharmaceuticals PLC, Pabna",IV/IM Injection,500 mg/vial,,,,,,,
Ambrox,Ambroxol,"Square Pharmaceuticals PLC, Pabna",Syrup,15 mg/5 ml,,,,,,,
Cavir,Entecavir,"Square Pharmaceuticals PLC, Pabna",Tablet,1 mg,,,,,,,
Clinface,Clindamycin Phosphate + Tretinoin,"Square Pharmaceuticals PLC, Pabna",Gel,1.2 gm + .025 gm/100 gm,,,,,,,
Antimet,Metoclopramide Hydrochloride,"Square Pharmaceuticals PLC, Pabna",Syrup,5 mg/5 ml,,,,,,,
Fluphen,Promethazine Hydrochloride,"Square Pharmaceuticals PLC, Pabna",Syrup,5 mg/5 ml,,,,,,,
Methigic 16,Methyl Prednisolone,"Square Pharmaceuticals PLC, Pabna",Tablet,16 mg,,,,,,,
Lebac,Cephradine,"Square Pharmaceuticals PLC, Pabna",IV/IM Injection,1 gm/vial,,,,,,,
Closma-Vet Powder,Tylvalosin,"Square Pharmaceuticals PLC, Pabna",Water Soluble Powder,62.5 gm/100 gm,,,,,,,
Lebac,Cephradine,"Square Pharmaceuticals PLC, Pabna",Paediatric Drops,125 mg/1.25 ml,,,,,,,
Femastin,Estriol,"Square Pharmaceuticals PLC, Pabna",Cream,100 mg/100 gm,,,,,,,
Anadol,Tramadol Hydrochloride,"Square Pharmaceuticals PLC, Pabna",Injection,50 mg/ml,,,,,,,
Vori IV,Voriconazole,"Square Pharmaceuticals PLC, Pabna",Injection,200 mg/vial,,,,,,,
Ticamet 50 Inhaler 120 Puf,Fluticasone Propionate + Salmeterol,"Square Pharmaceuticals PLC, Pabna",Aerosol Inhalation,50 mcg + 25 mcg/Metered Inhalation,,,,,,,
Ifacin,Rifampicin,"Square Pharmaceuticals PLC, Pabna",Capsule,450 mg,,,,,,,
Ticamet 100 Cozycap,Fluticasone Propionate + Salmeterol,"Square Pharmaceuticals PLC, Pabna",Capsule,100 mcg + 50 mcg,,,,,,,
Tory,Etoricoxib,"Square Pharmaceuticals PLC, Pabna",Tablet,90 mg,,,,,,,
Moxaclav,Amoxicillin + Clavulanic Acid,"Square Pharmaceuticals PLC, Pabna",Tablet,500 mg + 125 mg,,,,,,,
Olmecar Plus,Hydrochlorothiazide + Olmesartan Medoxomil,"Square Pharmaceuticals PLC, Pabna",Tablet,12.5 mg + 20 mg,,,,,,,
Coxitril Vet,Toltrazuril,"Square Pharmaceuticals PLC, Pabna",Suspension,5 gm/100 ml,,,,,,,
Ticalog,Ticagrelor,"Square Pharmaceuticals PLC, Pabna",Tablet,90 mg,,,,,,,
Ultivent-M Cozycap,Glycopyrronium + Indacaterol + Mometasone Furoate,"Square Pharmaceuticals PLC, Pabna",Cozycap,50 mcg + 150 mcg + 160 mcg,,,,,,,
Ocucid,Sulphacetamide Sodium,"Square Pharmaceuticals PLC, Pabna",Eye Drops,10 gm/100 ml,,,,,,,
Piper,Piperazine,"Square Pharmaceuticals PLC, Pabna",Powder,100%,,,,,,,
Moxaclav,Amoxicillin + Clavulanic Acid,"Square Pharmaceuticals PLC, Pabna",Powder For Suspension,125 mg + 31.25 mg/5 ml,,,,,,,
Pracort,Hydrocortisone Acetate + Pramoxine,"Square Pharmaceuticals PLC, Pabna",Ointment,2.5 gm + 1 gm/100 gm,,,,,,,
Meclam,Meloxicam,"Square Pharmaceuticals PLC, Pabna",Suppository,15 mg,,,,,,,
Lebac,Cephradine,"Square Pharmaceuticals PLC, Pabna",Powder For Suspension,125 mg/5 ml,,,,,,,
Pracort,Hydrocortisone Acetate + Pramoxine,"Square Pharmaceuticals PLC, Pabna",Cream,2.5 gm + 1 gm/100 gm,,,,,,,
Benostar Mouthwash,Benzydamine Hydrochloride,"Square Pharmaceuticals PLC, Pabna",Mouth Wash,150 mg/100 ml,,,,,,,
Anadol,Tramadol Hydrochloride,"Square Pharmaceuticals PLC, Pabna",Capsule,50 mg,,,,,,,
Neurolin,Pregabalin,"Square Pharmaceuticals PLC, Pabna",Capsule,50 mg,,,,,,,
Lebac,Cephradine,"Square Pharmaceuticals PLC, Pabna",Capsule,250 mg,,,,,,,
Lebac,Cephradine,"Square Pharmaceuticals PLC, Pabna",Capsule,500 mg,,,,,,,
Ambrox,Ambroxol,"Square Pharmaceuticals PLC, Pabna",Capsule,75 mg,,,,,,,
Neurolin,Pregabalin,"Square Pharmaceuticals PLC, Pabna",Capsule,75 mg,,,,,,,
Mirapro 15 Tablet,Mirtazapine,"Square Pharmaceuticals PLC, Pabna",Tablet,15 mg,,,,,,,
Tory,Etoricoxib,"Square Pharmaceuticals PLC, Pabna",Tablet,60 mg,,,,,,,
Perkirol,Ropinirole,"Square Pharmaceuticals PLC, Pabna",Tablet,2 mg,,,,,,,
Melcam,Meloxicam,"Square Pharmaceuticals PLC, Pabna",Tablet,15 mg,,,,,,,
Incidal,Mebhydrolin,"Square Pharmaceuticals PLC, Pabna",Tablet,50 mg,,,,,,,
Ciprocin,Ciprofloxacin,"Square Pharmaceuticals PLC, Pabna",Tablet,250 mg,,,,,,,
Ciprocin,Ciprofloxacin,"Square Pharmaceuticals PLC, Pabna",Tablet,500 mg,,,,,,,
Methigic 2,Methyl Prednisolone,"Square Pharmaceuticals PLC, Pabna",Tablet,2 mg,,,,,,,
Daizy,Dienogest,"Square Pharmaceuticals PLC, Pabna",Tablet,2 mg,,,,,,,
Methigic 4,Methyl Prednisolone,"Square Pharmaceuticals PLC, Pabna",Tablet,4 mg,,,,,,,
Varcon,Voriconazole,"Square Pharmaceuticals PLC, Pabna",Tablet,50 mg,,,,,,,
Femastin-2,Estriol,"Square Pharmaceuticals PLC, Pabna",Tablet,2 mg,,,,,,,
Mebamin,Mebhydrolin,"Square Pharmaceuticals PLC, Pabna",Tablet,50 mg,,,,,,,
Carbisod Injection,Sodium Bicarbonate,"Square Pharmaceuticals PLC, Pabna",IV Infusion,7.5 gm/100 ml,,,,,,,
Melcam,Meloxicam,"Square Pharmaceuticals PLC, Pabna",Suppository,7.5 mg,,,,,,,
Mifenil,Boric Acid + Calcium Gluconate + Dextrose Anhydrous + Magnesium Hypophosphite,"Square Pharmaceuticals PLC, Pabna",Injection,42 mg + 208 mg + 22 mg + 50 mg,,,,,,,
Anleptic,Carbamazepine,"Square Pharmaceuticals PLC, Pabna",Suspension,100 mg/5 ml,,,,,,,
Mirapro 7.5,Mirtazapine,"Square Pharmaceuticals PLC, Pabna",Tablet,7.5 mg,,,,,,,
Camlodin,Amlodipine + Atenolol,"Square Pharmaceuticals PLC, Pabna",Tablet,5 mg + 50 mg,,,,,,,
Perkirol,Ropinirole,"Square Pharmaceuticals PLC, Pabna",Tablet,.25 mg,,,,,,,
Ciprocin,Ciprofloxacin,"Square Pharmaceuticals PLC, Pabna",Tablet,750 mg,,,,,,,
Melcam,Meloxicam,"Square Pharmaceuticals PLC, Pabna",Tablet,7.5 mg,,,,,,,
Dermasol,Clobetasol Propionate + Neomycin Sulphate + Nystatin,"Square Pharmaceuticals PLC, Pabna",Cream,50 mg + 500 mg + 100 Lac IU/100 gm,,,,,,,
Dermasol,Clobetasol Propionate + Neomycin Sulphate + Nystatin,"Square Pharmaceuticals PLC, Pabna",Ointment,50 mg + 500 mg + 100 Lac IU/100 gm,,,,,,,
De-rash Plus,Miconazole Nitrate + White Soft Paraffin + Zinc Oxide,"Square Pharmaceuticals PLC, Pabna",Ointment,250 mg + 81.16 gm + 15 gm/100 gm,,,,,,,
Antimet,Metoclopramide Hydrochloride,"Square Pharmaceuticals PLC, Pabna",Injection,10 mg/2 ml,,,,,,,
Moxaclav,Amoxicillin + Clavulanic Acid,"Square Pharmaceuticals PLC, Pabna",Injection,500 mg + 100 mg,,,,,,,
Mesa 400 DR,Mesalamine,"Square Pharmaceuticals PLC, Pabna",Dr Tablet,400 mg,,,,,,,
Anadol,Tramadol Hydrochloride,"Square Pharmaceuticals PLC, Pabna",Injection,100 mg/2 ml,,,,,,,
Ticamet 500 Cozycap,Fluticasone Propionate + Salmeterol,"Square Pharmaceuticals PLC, Pabna",Inhalation Capsule,500 mcg + 50 mcg,,,,,,,
Ticamet,Fluticasone Propionate + Salmeterol,"Square Pharmaceuticals PLC, Pabna",Aerosol Inhalation,250 mcg + 25 mcg/Metered Inhalation,,,,,,,
Carpine,Pilocarpine Hydrochloride,"Square Pharmaceuticals PLC, Pabna",Eye Drops,2%,,,,,,,
Carpine,Pilocarpine Hydrochloride,"Square Pharmaceuticals PLC, Pabna",Eye Drops,4%,,,,,,,
Prolert,Fluoxetine,"Square Pharmaceuticals PLC, Pabna",Capsule,20 mg,,,,,,,
Coxitril Vet,Toltrazuril,"Square Pharmaceuticals PLC, Pabna",Oral Liquid,2.5 gm/100 ml,,,,,,,
Durol CR 20,Carvedilol Phosphate,"Square Pharmaceuticals PLC, Pabna",Cr Capsule,20 mg,,,,,,,
Moxaclav,Amoxicillin + Clavulanic Acid,"Square Pharmaceuticals PLC, Pabna",Tablet,250 gm + 125 mg,,,,,,,
Esbutol,Ethambutol,"Square Pharmaceuticals PLC, Pabna",Tablet,400 mg,,,,,,,
Climycin,Clindamycin,"Square Pharmaceuticals PLC, Pabna",Capsule,150 mg,,,,,,,
Fusid,Frusemide + Spironolactone,"Square Pharmaceuticals PLC, Pabna",Tablet,40 mg + 50 mg,,,,,,,
Cardipro,Atenolol + Chlorthalidone,"Square Pharmaceuticals PLC, Pabna",Tablet,100 mg + 25 mg,,,,,,,
Nilac,Tretinoin,"Square Pharmaceuticals PLC, Pabna",Gel,25 mg/100 gm,,,,,,,
Burna,Silver Sulphadiazine,"Square Pharmaceuticals PLC, Pabna",Cream,1%,,,,,,,
Glysup 1.15,Glycerol,"Square Pharmaceuticals PLC, Pabna",Suppository,1.15 gm,,,,,,,
Nexum,Esomeprazole,"Square Pharmaceuticals PLC, Pabna",Capsule,40 mg,,,,,,,
Fusid Plus,Frusemide + Spironolactone,"Square Pharmaceuticals PLC, Pabna",Tablet,20 mg + 50 mg,,,,,,,
Fusid,Frusemide,"Square Pharmaceuticals PLC, Pabna",Tablet,40 mg,,,,,,,
Nexum,Esomeprazole,"Square Pharmaceuticals PLC, Pabna",Tablet,40 mg,,,,,,,
Ostel,Alendronic Acid,"Square Pharmaceuticals PLC, Pabna",Tablet,70 mg,,,,,,,
Asynta,Potassium Bicarbonate + Sodium Alginate,"Square Pharmaceuticals PLC, Pabna",Tablet,100 mg + 500 mg,,,,,,,
Canesten,Clotrimazole,"Square Pharmaceuticals PLC, Pabna",Cream,10 gm/gm,,,,,,,
Afun,Clotrimazole,"Square Pharmaceuticals PLC, Pabna",Cream,10 mg/gm,,,,,,,
Virux,Acyclovir,"Square Pharmaceuticals PLC, Pabna",Cream,5 gm/100 gm,,,,,,,
Afun VT 100,Clotrimazole,"Square Pharmaceuticals PLC, Pabna",Cream,10 mg/gm,,,,,,,
Sedil,Diazepam,"Square Pharmaceuticals PLC, Pabna",Suppository,10 mg,,,,,,,
Clopirox,Ciclopirox Olamine,"Square Pharmaceuticals PLC, Pabna",Cream,10 mg/gm,,,,,,,
Climycin,Clindamycin,"Square Pharmaceuticals PLC, Pabna",Injection,600 mg/4 ml,,,,,,,
Virux,Acyclovir,"Square Pharmaceuticals PLC, Pabna",Injection,250 mg/vial,,,,,,,
Otetra,Oxytetracycline,"Square Pharmaceuticals PLC, Pabna",Injection,20 gm/100 ml,,,,,,,
Gigabac 1 M IV/IM Inj,Colistimethate Sodium,"Square Pharmaceuticals PLC, Pabna",Injection,1 MIU/vial,,,,,,,
Clopirox 1% Shampoo,Ciclopirox Olamine,"Square Pharmaceuticals PLC, Pabna",Shampoo,1 gm/100 gm,,,,,,,
LNC 10 Tablet,Cilnidipine,"Square Pharmaceuticals PLC, Pabna",Tablet,10 mg,,,,,,,
LNC 5 Tablet,Cilnidipine,"Square Pharmaceuticals PLC, Pabna",Tablet,5 mg,,,,,,,
Torsid 5,Torasemide,"Square Pharmaceuticals PLC, Pabna",Tablet,5 mg,,,,,,,
Calboral-D,Calcium (Coral Calcium) + Vitamin,"Square Pharmaceuticals PLC, Pabna",Tablet,D3  500 mg + 200 IU,,,,,,,
Nidipine,Nifedipine,"Square Pharmaceuticals PLC, Pabna",Tablet,10 mg,,,,,,,
Sedil,Diazepam,"Square Pharmaceuticals PLC, Pabna",Tablet,5 mg,,,,,,,
Simacor,Simvastatin,"Square Pharmaceuticals PLC, Pabna",Tablet,10 mg,,,,,,,
Ostel,Alendronic Acid,"Square Pharmaceuticals PLC, Pabna",Tablet,10 mg,,,,,,,
Cadnyl,Perindopril Erbumine,"Square Pharmaceuticals PLC, Pabna",Tablet,8 mg,,,,,,,
Virux,Acyclovir,"Square Pharmaceuticals PLC, Pabna",Suspension,200 mg/5 ml,,,,,,,
Comet,Metformin Hydrochloride,"Square Pharmaceuticals PLC, Pabna",Xr Tablet,1 gm,,,,,,,
Climycin,Clindamycin,"Square Pharmaceuticals PLC, Pabna",Capsule,300 mg,,,,,,,
Afun VT 200,Clotrimazole,"Square Pharmaceuticals PLC, Pabna",Vaginal Tablet,200 mg,,,,,,,
Cefdir,Cefdinir,"Square Pharmaceuticals PLC, Pabna",Capsule,300 mg,,,,,,,
Flindof 200,Doxophylline,"Square Pharmaceuticals PLC, Pabna",Tablet,200 mg,,,,,,,
Tolfem,Tolfenamic Acid,"Square Pharmaceuticals PLC, Pabna",Tablet,200 mg,,,,,,,
Rutix,Ofloxacin,"Square Pharmaceuticals PLC, Pabna",Tablet,200 mg,,,,,,,
Moxodin 0.2,Moxonidine,"Square Pharmaceuticals PLC, Pabna",Tablet,.2 mg,,,,,,,
Asynta,Potassium Bicarbonate + Sodium Alginate,"Square Pharmaceuticals PLC, Pabna",Suspension,100 mg + 500 mg/5 ml,,,,,,,
Nevira,Nevirapine,"Square Pharmaceuticals PLC, Pabna",Tablet,200 mg,,,,,,,
Bisocor Plus,Bisoprolol Hemifumarate + Hydrochlorothiazide,"Square Pharmaceuticals PLC, Pabna",Tablet,5 mg + 6.25 mg,,,,,,,
Virux,Acyclovir,"Square Pharmaceuticals PLC, Pabna",Tablet,200 mg,,,,,,,
Quinivir,Hydroxychloroquine Sulphate,"Square Pharmaceuticals PLC, Pabna",Tablet,200 mg,,,,,,,
Proxivir,Tenofovir Disoproxil Fumarate,"Square Pharmaceuticals PLC, Pabna",Tablet,300 mg,,,,,,,
Zif-A Tablet,Elemental Iron + Folic Acid + Zinc Sulphate Monohydrate,"Square Pharmaceuticals PLC, Pabna",Tablet,48 mg + 500 mcg + 61.8 mg,,,,,,,
Nexum,Esomeprazole,"Square Pharmaceuticals PLC, Pabna",Injection,40 mg/vial,,,,,,,
Virux 500,Acyclovir,"Square Pharmaceuticals PLC, Pabna",Injection,500 mg/vial,,,,,,,
Otetra-Vet,Oxytetracycline,"Square Pharmaceuticals PLC, Pabna",Powder,50 gm/100 gm,,,,,,,
Gynepro,Metronidazole + Neomycin Sulphate + Nystatin + Polymixin B Sulphate,"Square Pharmaceuticals PLC, Pabna",Suppository,200 mg + 35000 IU + 1 Lac IU + 35000 IU,,,,,,,
Canesten,Clotrimazole,"Square Pharmaceuticals PLC, Pabna",Vaginal Tablet,100 mg,,,,,,,
Repran,Repaglinide,"Square Pharmaceuticals PLC, Pabna",Tablet,1 mg,,,,,,,
Repran,Repaglinide,"Square Pharmaceuticals PLC, Pabna",Tablet,.5 mg,,,,,,,
Nixalo,Alprazolam,"Square Pharmaceuticals PLC, Pabna",Tablet,.5 mg,,,,,,,
Antista,Chlorpheniramine Maleate,"Square Pharmaceuticals PLC, Pabna",Syrup,2 mg/5 ml,,,,,,,
Alisken Plus 150/12.5,Aliskiren + Hydrochlorothiazide,"Square Pharmaceuticals PLC, Pabna",Tablet,150 mg + 12.5 mg,,,,,,,
Moxodin 0.3,Moxonidine,"Square Pharmaceuticals PLC, Pabna",Tablet,.3 mg,,,,,,,
Angilock,Losartan Potassium,"Square Pharmaceuticals PLC, Pabna",Tablet,100 mg,,,,,,,
Melixol,Flupenthixol + Melitracen,"Square Pharmaceuticals PLC, Pabna",Tablet,500 mcg + 10 mg,,,,,,,
Secrin,Glimepiride,"Square Pharmaceuticals PLC, Pabna",Tablet,1 mg,,,,,,,
Angilock,Losartan Potassium,"Square Pharmaceuticals PLC, Pabna",Tablet,25 mg,,,,,,,
Dotfix 1 Tablet,Dotinurad,"Square Pharmaceuticals PLC, Pabna",Tablet,1 mg,,,,,,,
Virux 1 gm,Acyclovir,"Square Pharmaceuticals PLC, Pabna",Injection,1 gm/vial,,,,,,,
Xripa,Nefopam Hydrochloride,"Square Pharmaceuticals PLC, Pabna",Injection,20 mg/ml,,,,,,,
Comet,Metformin Hydrochloride,"Square Pharmaceuticals PLC, Pabna",Oral Solution,500 mg/5 ml,,,,,,,
Otetra Vet 20,Oxytetracycline,"Square Pharmaceuticals PLC, Pabna",Powder,20 gm/100 gm,,,,,,,
Normo-K,Sodium Polystyrene Sulfonate,"Square Pharmaceuticals PLC, Pabna",Powder For Suspension,15 gm,,,,,,,
Dyvon,Calcipotriol,"Square Pharmaceuticals PLC, Pabna",Ointment,.005 gm/100 gm,,,,,,,
Glysup 2.30,Glycerol,"Square Pharmaceuticals PLC, Pabna",Suppository,2.3 gm,,,,,,,
Caron,Ferrous Sulphate + Folic Acid,"Square Pharmaceuticals PLC, Pabna",Capsule,150 mg + 500 mcg,,,,,,,
Bisocam 2.5/5,Amlodipine + Bisoprolol Hemifumarate,"Square Pharmaceuticals PLC, Pabna",Tablet,5 mg + 2.5 mg,,,,,,,
Cefotil,Cefuroxime,"Square Pharmaceuticals PLC, Pabna",IV/IM Injection,750 mg/vial,,,,,,,
Comet,Metformin Hydrochloride,"Square Pharmaceuticals PLC, Pabna",Tablet,850 mg,,,,,,,
Dyvon,Calcipotriol,"Square Pharmaceuticals PLC, Pabna",Cream,.5 mg/100 gm,,,,,,,
Anthista,Pheniramine Maleate,"Square Pharmaceuticals PLC, Pabna",Injection,22.75 mg/ml,,,,,,,
Tofenac Vet,Tolfenamic Acid,"Square Pharmaceuticals PLC, Pabna",Injection,4 gm/100 ml,,,,,,,
Otetra,Oxytetracycline,"Square Pharmaceuticals PLC, Pabna",Injection,5 gm/100 ml,,,,,,,
Apsol,Amlexanox,"Square Pharmaceuticals PLC, Pabna",Oral Paste,50 mg/1 gm,,,,,,,
Ripril,Hydrochlorothiazide + Ramipril,"Square Pharmaceuticals PLC, Pabna",Tablet,25 mg + 5 mg,,,,,,,
Anclog,Aspirin + Clopidogrel,"Square Pharmaceuticals PLC, Pabna",Tablet,75 mg + 75 mg,,,,,,,
Adiva,Efavirenz,"Square Pharmaceuticals PLC, Pabna",Tablet,600 mg,,,,,,,
Tilcosin Vet,Tilmicosin,"Square Pharmaceuticals PLC, Pabna",Oral Solution,250 mg/ml,,,,,,,
Cefotil,Cefuroxime,"Square Pharmaceuticals PLC, Pabna",Powder For Suspension,125 mg/5 ml,,,,,,,
Cefdir,Cefdinir,"Square Pharmaceuticals PLC, Pabna",Powder For Suspension,125 mg/5 ml,,,,,,,
Levocar,Levocarnitine,"Square Pharmaceuticals PLC, Pabna",Solution,10 gm/100 ml,,,,,,,
Otetra-Vet LA,Oxytetracycline,"Square Pharmaceuticals PLC, Pabna",Injection,200 mg/ml,,,,,,,
Otetra Vet,Oxytetracycline,"Square Pharmaceuticals PLC, Pabna",Injection,10 gm/100 ml,,,,,,,
Otetra,Oxytetracycline,"Square Pharmaceuticals PLC, Pabna",Bolus,500 mg,,,,,,,
Sq Cycline,Oxytetracycline,"Square Pharmaceuticals PLC, Pabna",Capsule,250 mg,,,,,,,
Afun,Clotrimazole,"Square Pharmaceuticals PLC, Pabna",Vaginal Tablet,500 mg,,,,,,,
Cefotil,Cefuroxime,"Square Pharmaceuticals PLC, Pabna",Tablet,125 mg,,,,,,,
Cefotil,Cefuroxime,"Square Pharmaceuticals PLC, Pabna",Tablet,250 mg,,,,,,,
Oxilar,Raloxifene Hydrochloride,"Square Pharmaceuticals PLC, Pabna",Tablet,60 mg,,,,,,,
Tos,Pioglitazone,"Square Pharmaceuticals PLC, Pabna",Tablet,15 mg,,,,,,,
Moxodin 0.4,Moxonidine,"Square Pharmaceuticals PLC, Pabna",Tablet,.4 mg,,,,,,,
Viglita,Vildagliptin,"Square Pharmaceuticals PLC, Pabna",Tablet,50 mg,,,,,,,
Susten 30,Dapoxetine,"Square Pharmaceuticals PLC, Pabna",Tablet,30 mg,,,,,,,
Susten 60,Dapoxetine,"Square Pharmaceuticals PLC, Pabna",Tablet,60 mg,,,,,,,
Entacyd,Aluminium Hydroxide + Magnesium Hydroxide + Simethicone,"Square Pharmaceuticals PLC, Pabna",Tablet,400 mg + 400 mg + 30 mg,,,,,,,
Nelvir,Nelfinavir,"Square Pharmaceuticals PLC, Pabna",Tablet,250 mg,,,,,,,
Cefotil,Cefuroxime,"Square Pharmaceuticals PLC, Pabna",Tablet,500 mg,,,,,,,
Antista,Chlorpheniramine Maleate,"Square Pharmaceuticals PLC, Pabna",Tablet,4 mg,,,,,,,
Repran,Repaglinide,"Square Pharmaceuticals PLC, Pabna",Tablet,2 mg,,,,,,,
Dotfix 2 Tablet,Dotinurad,"Square Pharmaceuticals PLC, Pabna",Tablet,2 mg,,,,,,,
Angilock,Losartan Potassium,"Square Pharmaceuticals PLC, Pabna",Tablet,50 mg,,,,,,,
Cadnyl,Perindopril Erbumine,"Square Pharmaceuticals PLC, Pabna",Tablet,2 mg,,,,,,,
Cadnyl,Perindopril Erbumine,"Square Pharmaceuticals PLC, Pabna",Tablet,4 mg,,,,,,,
Secrin,Glimepiride,"Square Pharmaceuticals PLC, Pabna",Tablet,4 mg,,,,,,,
Secrin,Glimepiride,"Square Pharmaceuticals PLC, Pabna",Tablet,2 mg,,,,,,,
Xripa,Nefopam Hydrochloride,"Square Pharmaceuticals PLC, Pabna",Tablet,30 mg,,,,,,,
Comet,Metformin Hydrochloride,"Square Pharmaceuticals PLC, Pabna",Tablet,500 mg,,,,,,,
Comet,Metformin Hydrochloride,"Square Pharmaceuticals PLC, Pabna",Tablet,500 mg,,,,,,,
Sulcolon,Sulfasalazine,"Square Pharmaceuticals PLC, Pabna",Tablet,500 mg,,,,,,,
Virux HC,Acyclovir + Hydrocortisone,"Square Pharmaceuticals PLC, Pabna",Cream,5 gm + 1 gm/100 gm,,,,,,,
B 50,Calcium d-Pantothenate + DL-Methionine + Inositol + Nicominamide + Vitamin,"Square Pharmaceuticals PLC, Pabna",Injection,B1 + Vitamin B12 + Vitamin B2 + Vitamin B6  10 mg + 5 mg + 2 mg + 100 mg + 50 mg + 2 mcg + 5 mg + 5 mg/ml,,,,,,,
Comet,Metformin Hydrochloride,"Square Pharmaceuticals PLC, Pabna",Xr Tablet,750 mg,,,,,,,
Betamin Vet,Ascorbic Acid + Betaine + Calcium Chloride Dihydrate + Magnesium Chloride Hexahydrate + Potassium Chloride + Sodium Chloride,"Square Pharmaceuticals PLC, Pabna",Oral Solution,9 gm + 25 gm + 4 gm + 400 mg + 200 mg + 2 gm/100 ml,,,,,,,
Norflash,Paroxetine,"Square Pharmaceuticals PLC, Pabna",Capsule,7.5 mg,,,,,,,
Lerozol,Letrozole,"Square Pharmaceuticals PLC, Pabna",Tablet,2.5 mg,,,,,,,
Nixalo,Alprazolam,"Square Pharmaceuticals PLC, Pabna",Tablet,.25 mg,,,,,,,
Levocar,Levocarnitine,"Square Pharmaceuticals PLC, Pabna",Tablet,330 mg,,,,,,,
Calboplex,Boron + Calcium + Copper + Magnesium + Manganese + Vitamin D + Zinc,"Square Pharmaceuticals PLC, Pabna",Tablet,250 mcg + 600 mg + 1 mg + 40 mg + 1.8 mg + 200 IU + 7 mg,,,,,,,
Bisocor Plus,Bisoprolol Hemifumarate + Hydrochlorothiazide,"Square Pharmaceuticals PLC, Pabna",Tablet,2.5 mg + 6.25 mg,,,,,,,
Bisocor Plus,Bisoprolol Hemifumarate + Hydrochlorothiazide,"Square Pharmaceuticals PLC, Pabna",Tablet,10 mg + 6.25 mg,,,,,,,
Bromolac,Bromocriptine,"Square Pharmaceuticals PLC, Pabna",Tablet,2.5 mg,,,,,,,
Zifolet,Folic Acid + Zinc,"Square Pharmaceuticals PLC, Pabna",Tablet,5 mg + 20 mg,,,,,,,
Cardipro,Atenolol + Chlorthalidone,"Square Pharmaceuticals PLC, Pabna",Tablet,50 mg + 25 mg,,,,,,,
Sedil,Diazepam,"Square Pharmaceuticals PLC, Pabna",Injection,10 mg/2 ml,,,,,,,
Climycin,Clindamycin,"Square Pharmaceuticals PLC, Pabna",Injection,300 mg/2 ml,,,,,,,
Fusid,Frusemide,"Square Pharmaceuticals PLC, Pabna",Injection,20 mg/2 ml,,,,,,,
Inomin,Dobutamine,"Square Pharmaceuticals PLC, Pabna",Injection,250 mg/20 ml,,,,,,,
Nexum,Esomeprazole,"Square Pharmaceuticals PLC, Pabna",Capsule,20 mg,,,,,,,
Ripril,Hydrochlorothiazide + Ramipril,"Square Pharmaceuticals PLC, Pabna",Tablet,12.5 mg + 2.5 mg,,,,,,,
Flindof 400,Doxophylline,"Square Pharmaceuticals PLC, Pabna",Tablet,400 mg,,,,,,,
Torsid 20,Torasemide,"Square Pharmaceuticals PLC, Pabna",Tablet,20 mg,,,,,,,
Nidipine,Nifedipine,"Square Pharmaceuticals PLC, Pabna",Tablet,20 mg,,,,,,,
Oxat,Paroxetine,"Square Pharmaceuticals PLC, Pabna",Tablet,20 mg,,,,,,,
Nexum,Esomeprazole,"Square Pharmaceuticals PLC, Pabna",Tablet,20 mg,,,,,,,
Secrin,Glimepiride,"Square Pharmaceuticals PLC, Pabna",Tablet,3 mg,,,,,,,
Rutix,Ofloxacin,"Square Pharmaceuticals PLC, Pabna",Tablet,400 mg,,,,,,,
B 50,D-Panthenol + Nicotinamide + Pyridoxine Hydrochloride + Riboflavin + Vitamin,"Square Pharmaceuticals PLC, Pabna",Injection,B1  5 mg + 100 mg + 10 mg + 4 mg + 50 mg/2 ml,,,,,,,
Babcop Vet,Diminazine Aceturate + Phenazone,"Square Pharmaceuticals PLC, Pabna",Injection,7 gm + 37.5 gm/100 ml,,,,,,,
Sonap,Naproxen,"Square Pharmaceuticals PLC, Pabna",Gel,10 gm/100 gm,,,,,,,
Oxifun,Oxiconazole,"Square Pharmaceuticals PLC, Pabna",Lotion,1 gm/100 ml,,,,,,,
Filwel Teen Hr,Biotin + Calcium + Chromium + Copper + Folic Acid + Iron + Magnesium + Manganese + Niacin + Pantothenic acid + Riboflavin + Selenium + Thiamine + Vitamin A + Vitamin,"Square Pharmaceuticals PLC, Pabna",Tablet,B12 + Vitamin B6 + Vitamin C + Vitamin D + Vitamin E + Vitamin K + Zinc  300 mcg + 300 mg + 120 mcg + 2 mg + 400 mcg + 18 mg + 50 mg + 2 mg + 30 mg + 10 mg + 2.6 mg + 20 mcg + 2.3 mg + 2500 IU + 9 mcg + 3 mg + 120 mg + 800 IU + 30 IU + 25 mcg + 15 mg,,,,,,,
Purotrol,Levocetrizine Dihydrochloride,"Square Pharmaceuticals PLC, Pabna",Oral Solution,500 mcg/ml,,,,,,,
Temlo,Timolol Maleate,"Square Pharmaceuticals PLC, Pabna",Eye Drops,0.25%,,,,,,,
Kop,Ketoprofen,"Square Pharmaceuticals PLC, Pabna",Gel,25 mg/gm,,,,,,,
Seclo DR 40,Omeprazole,"Square Pharmaceuticals PLC, Pabna",Dr Tablet,40 mg,,,,,,,
Seclo,Omeprazole,"Square Pharmaceuticals PLC, Pabna",Capsule,40 mg,,,,,,,
Evit,Vitamin E,"Square Pharmaceuticals PLC, Pabna",Capsule,200 IU,,,,,,,
Emoli,Benzalkonium Chloride + Chlorhexidine Hydrochloride + Isopropyl Myristate + Liquid Paraffin,"Square Pharmaceuticals PLC, Pabna",Lotion,100 mg + 100 mg + 2.5 gm + 2.5 gm/100 gm,,,,,,,
Luraprex 40,Lurasidone Hydrochloride,"Square Pharmaceuticals PLC, Pabna",Tablet,40 mg,,,,,,,
Calbo,Calcium Carbonate + Calcium Lactate Gluconate + Vitamin C,"Square Pharmaceuticals PLC, Pabna",Tablet,327 mg + 1 gm + 500 mg,,,,,,,
Filwel Teen Hm,Biotin + Calcium + Chromium + Copper + Folic Acid + Iron + Magnesium + Manganese + Niacin + Pantothenic acid + Riboflavin + Selenium + Thiamine + Vitamin A + Vitamin,"Square Pharmaceuticals PLC, Pabna",Tablet,B12 + Vitamin B6 + Vitamin C + Vitamin D + Vitamin E + Vitamin K + Zinc  300 mcg + 200 mg + 120 mcg + 2 mg + 400 mcg + 9 mg + 100 mg + 2 mg + 30 mg + 10 mg + 4.2 mg + 20 mcg + 3.75 mg + 2500 IU + 15 mcg + 5 mg + 120 mg + 400 IU + 30 IU + 25 mcg + 15 mg,,,,,,,
Anzitor EZ 20/10,Atorvastatin + Ezetimibe,"Square Pharmaceuticals PLC, Pabna",Tablet,20 mg + 10 mg,,,,,,,
Mucospel-Vet,Bromhexine Hydrochloride,"Square Pharmaceuticals PLC, Pabna",Powder,10 mg/gm,,,,,,,
Oxifun,Oxiconazole,"Square Pharmaceuticals PLC, Pabna",Cream,1 gm/100 gm,,,,,,,
Hempro Vet,Iron (Iii) Hydroxide Dextran Complex,"Square Pharmaceuticals PLC, Pabna",Injection,20 gm/100 ml,,,,,,,
Camlodin,Amlodipine,"Square Pharmaceuticals PLC, Pabna",Tablet,5 mg,,,,,,,
Sensimet,Metformin Hydrochloride + Rosiglitazone,"Square Pharmaceuticals PLC, Pabna",Tablet,500 mg + 1 mg,,,,,,,
Oxapro,Escitalopram,"Square Pharmaceuticals PLC, Pabna",Tablet,10 mg,,,,,,,
Peridol,Haloperidol,"Square Pharmaceuticals PLC, Pabna",Tablet,5 mg,,,,,,,
Tazid,Ceftazidime,"Square Pharmaceuticals PLC, Pabna",IV/IM Injection,250 mg/vial,,,,,,,
Suev,Atomoxetine,"Square Pharmaceuticals PLC, Pabna",Tablet,10 mg,,,,,,,
Oxapro,Escitalopram,"Square Pharmaceuticals PLC, Pabna",Tablet,5 mg,,,,,,,
Sinopril,Lisinopril,"Square Pharmaceuticals PLC, Pabna",Tablet,10 mg,,,,,,,
Sinopril,Lisinopril,"Square Pharmaceuticals PLC, Pabna",Tablet,5 mg,,,,,,,
Calbo,Calcium + Vitamin,"Square Pharmaceuticals PLC, Pabna",Tablet,D3  500 mg + 200 IU,,,,,,,
Vasopril,Enalapril Maleate,"Square Pharmaceuticals PLC, Pabna",Tablet,5 mg,,,,,,,
Cholinor,Ezetimibe,"Square Pharmaceuticals PLC, Pabna",Tablet,10 mg,,,,,,,
Camlodin,Amlodipine,"Square Pharmaceuticals PLC, Pabna",Tablet,10 mg,,,,,,,
Mucospel,Bromhexine Hydrochloride,"Square Pharmaceuticals PLC, Pabna",Tablet,8 mg,,,,,,,
Vasopril,Enalapril Maleate,"Square Pharmaceuticals PLC, Pabna",Tablet,10 mg,,,,,,,
Esordin,Isosorbide Dinitrate,"Square Pharmaceuticals PLC, Pabna",Tablet,10 mg,,,,,,,
Orogel,Benzocaine,"Square Pharmaceuticals PLC, Pabna",Gel,200 mg,,,,,,,
Genacyn,Gentamicin,"Square Pharmaceuticals PLC, Pabna",Eye and Ear Drops,300 mg/100 ml,,,,,,,
Nebanol,Bacitracin Zinc + Neomycin Sulphate + Polymixin B Sulphate,"Square Pharmaceuticals PLC, Pabna",Ointment,400 IU + 3.5 mg + 5000 IU/gm,,,,,,,
Enocom,Gramicidin + Neomycin Sulphate + Nystatin + Triamcinolone Acetonide,"Square Pharmaceuticals PLC, Pabna",Cream,25 mg + 250 mg + 100 Lac IU + 100 mg/100 gm,,,,,,,
Stronel,Strontium Renalate,"Square Pharmaceuticals PLC, Pabna",Sachet,2 gm,,,,,,,
Bucain,Bupivacaine,"Square Pharmaceuticals PLC, Pabna",Injection,2.5 mg/5ml,,,,,,,
Genacyn-Vet,Gentamicin,"Square Pharmaceuticals PLC, Pabna",Injection,100 mg/ml,,,,,,,
Oxadel 300 IV Infusion,Delafloxacin,"Square Pharmaceuticals PLC, Pabna",Injection,300 mg/vial,,,,,,,
Kop,Ketoprofen,"Square Pharmaceuticals PLC, Pabna",Capsule,200 mg,,,,,,,
D-Balance 40000 IU Licap,Cholecalciferol (Vit.,"Square Pharmaceuticals PLC, Pabna",Capsule,D3)  40000 IU,,,,,,,
Xenole,Esomeprazole + Naproxen,"Square Pharmaceuticals PLC, Pabna",Tablet,20 mg + 500 mg,,,,,,,
Valmor 50,Sacubitril + Valsartan,"Square Pharmaceuticals PLC, Pabna",Tablet,24 mg + 26 mg,,,,,,,
Esrufen,Ibuprofen,"Square Pharmaceuticals PLC, Pabna",Tablet,200 mg,,,,,,,
Evit,Vitamin E,"Square Pharmaceuticals PLC, Pabna",Tablet,200 mg,,,,,,,
Evit,Vitamin E,"Square Pharmaceuticals PLC, Pabna",Tablet,200 mg,,,,,,,
Esloric,Allopurinol,"Square Pharmaceuticals PLC, Pabna",Tablet,300 mg,,,,,,,
Genacyn,Gentamicin,"Square Pharmaceuticals PLC, Pabna",Injection,80 mg/2 ml,,,,,,,
D-Balance,Cholecalciferol (Vit.,"Square Pharmaceuticals PLC, Pabna",Injection,D3)  5 mg/ml,,,,,,,
Seclo,Omeprazole,"Square Pharmaceuticals PLC, Pabna",Injection,40 mg/vial,,,,,,,
Peridol,Haloperidol,"Square Pharmaceuticals PLC, Pabna",Injection,5 mg/ml,,,,,,,
Kop,Ketoprofen,"Square Pharmaceuticals PLC, Pabna",Suppository,100 mg,,,,,,,
Kop,Ketoprofen,"Square Pharmaceuticals PLC, Pabna",Capsule,100 mg,,,,,,,
D-Balance 2000 IU Licap,Cholecalciferol (Vit.,"Square Pharmaceuticals PLC, Pabna",Capsule,D3)  2000 IU,,,,,,,
Relatro 25,Dantrolene Sodium,"Square Pharmaceuticals PLC, Pabna",Capsule,25 mg,,,,,,,
Methicol,Mecobalamin,"Square Pharmaceuticals PLC, Pabna",Tablet,.5 mg,,,,,,,
Xenole,Esomeprazole + Naproxen,"Square Pharmaceuticals PLC, Pabna",Tablet,20 mg + 375 mg,,,,,,,
Epitra,Clonazepam,"Square Pharmaceuticals PLC, Pabna",Tablet,1 mg,,,,,,,
Tazid,Ceftazidime,"Square Pharmaceuticals PLC, Pabna",IV/IM Injection,500 mg/vial,,,,,,,
Peridol,Haloperidol,"Square Pharmaceuticals PLC, Pabna",Tablet,.5 mg,,,,,,,
Prazolok 1,Prazosin,"Square Pharmaceuticals PLC, Pabna",Tablet,1 mg,,,,,,,
Vigorex,Sildenafil,"Square Pharmaceuticals PLC, Pabna",Tablet,100 mg,,,,,,,
Levostar,Levosalbutamol,"Square Pharmaceuticals PLC, Pabna",Tablet,1 mg,,,,,,,
Epitra,Clonazepam,"Square Pharmaceuticals PLC, Pabna",Tablet,.5 mg,,,,,,,
Siglita,Sitagliptin,"Square Pharmaceuticals PLC, Pabna",Tablet,100 mg,,,,,,,
Isovent 100,Misoprostol,"Square Pharmaceuticals PLC, Pabna",Tablet,100 mcg,,,,,,,
Esloric,Allopurinol,"Square Pharmaceuticals PLC, Pabna",Tablet,100 mg,,,,,,,
Ticstop 25 Tablet,Tetrabenazine,"Square Pharmaceuticals PLC, Pabna",Tablet,25 mg,,,,,,,
Kop,Ketoprofen,"Square Pharmaceuticals PLC, Pabna",Tablet,100 mg,,,,,,,
Vigorex 25,Sildenafil,"Square Pharmaceuticals PLC, Pabna",Tablet,25 mg,,,,,,,
Rezulin,Metformin Hydrochloride + Pioglitazone,"Square Pharmaceuticals PLC, Pabna",Tablet,850 mg + 15 mg,,,,,,,
Nebanol,Bacitracin Zinc + Neomycin Sulphate,"Square Pharmaceuticals PLC, Pabna",Ointment,500 IU + 5 mg/gm,,,,,,,
Eczena,Diflorasone Diacetate,"Square Pharmaceuticals PLC, Pabna",Cream,.05 gm/100 gm,,,,,,,
Eczena,Diflorasone Diacetate,"Square Pharmaceuticals PLC, Pabna",Ointment,.05 gm/100 gm,,,,,,,
Penrif,Menthol + Methyl Salicylate,"Square Pharmaceuticals PLC, Pabna",Cream,8 gm + 30 gm/100 gm,,,,,,,
Cotra,Chlortetracycline Hydrochloride,"Square Pharmaceuticals PLC, Pabna",Powder,20 gm/100 gm,,,,,,,
Orogel,Benzocaine,"Square Pharmaceuticals PLC, Pabna",Oral Dental Gel,20 gm/100 gm,,,,,,,
D-Balance 20000 IU Licap,Cholecalciferol (Vit.,"Square Pharmaceuticals PLC, Pabna",Capsule,D3)  20000 IU,,,,,,,
Valmor 100,Sacubitril + Valsartan,"Square Pharmaceuticals PLC, Pabna",Tablet,49 mg + 51 mg,,,,,,,
Levostar,Levosalbutamol,"Square Pharmaceuticals PLC, Pabna",Syrup,1 mg/5 ml,,,,,,,
Tazid,Ceftazidime,"Square Pharmaceuticals PLC, Pabna",IV/IM Injection,1 gm/vial,,,,,,,
Ketoprofen,Ketoprofen,"Square Pharmaceuticals PLC, Pabna",Pellets,700 gm/KG,,,,,,,
Epinal,Phenobarbitone,"Square Pharmaceuticals PLC, Pabna",Elixir,20 mg/5 ml,,,,,,,
Systalin,Acetylcysteine,"Square Pharmaceuticals PLC, Pabna",Dispersible Tablet,600 mg,,,,,,,
Genacyn,Gentamicin,"Square Pharmaceuticals PLC, Pabna",Ointment,100 mg/100 gm,,,,,,,
Force,Cefpirome,"Square Pharmaceuticals PLC, Pabna",Injection,2 gm/vial,,,,,,,
Genacyn,Gentamicin,"Square Pharmaceuticals PLC, Pabna",Injection,50 mg/ml,,,,,,,
Levostar,Levosalbutamol,"Square Pharmaceuticals PLC, Pabna",Aerosol Inhalation,50 mcg/Metered Inhalation,,,,,,,
Evit,Vitamin E,"Square Pharmaceuticals PLC, Pabna",Capsule,400 IU,,,,,,,
Oxadel,Delafloxacin,"Square Pharmaceuticals PLC, Pabna",Tablet,450 mg,,,,,,,
Esrufen,Ibuprofen,"Square Pharmaceuticals PLC, Pabna",Tablet,600 mg,,,,,,,
Tryptin Plus,Amitriptyline Hydrochloride + Chlordiazepoxide,"Square Pharmaceuticals PLC, Pabna",Tablet,12.5 mg + 5 mg,,,,,,,
Genacyn,Gentamicin,"Square Pharmaceuticals PLC, Pabna",Eye Ointment,300 mg/100 gm,,,,,,,
Plan A Gel,Citric Acid Anhydrous + Lactic Acid + Potassium Bitartrate,"Square Pharmaceuticals PLC, Pabna",Gel,1 gm + 1.8 gm + 400 mg,,,,,,,
Epitra Oral Drops,Clonazepam,"Square Pharmaceuticals PLC, Pabna",Paediatric Drops,2.5 mg/ml,,,,,,,
Psorix,Tazarotene,"Square Pharmaceuticals PLC, Pabna",Cream,1 mg/gm,,,,,,,
Penrif,Menthol + Methyl Salicylate,"Square Pharmaceuticals PLC, Pabna",Cream,10 gm + 15 gm/100 gm,,,,,,,
Nebanol,Bacitracin Zinc + Neomycin Sulphate,"Square Pharmaceuticals PLC, Pabna",Powder,250 IU + 5 mg/gm,,,,,,,
Sonap,Naproxen,"Square Pharmaceuticals PLC, Pabna",Suppository,500 mg,,,,,,,
Sonap,Naproxen,"Square Pharmaceuticals PLC, Pabna",Tablet,250 mg,,,,,,,
Siglita 50,Sitagliptin,"Square Pharmaceuticals PLC, Pabna",Tablet,50 mg,,,,,,,
Epinal,Phenobarbitone,"Square Pharmaceuticals PLC, Pabna",Tablet,60 mg,,,,,,,
Epinal,Phenobarbitone,"Square Pharmaceuticals PLC, Pabna",Tablet,30 mg,,,,,,,
Kop,Ketoprofen,"Square Pharmaceuticals PLC, Pabna",Tablet,50 mg,,,,,,,
Sonap,Naproxen,"Square Pharmaceuticals PLC, Pabna",Tablet,500 mg,,,,,,,
Epitra,Clonazepam,"Square Pharmaceuticals PLC, Pabna",Tablet,2 mg,,,,,,,
Prazolok 2,Prazosin,"Square Pharmaceuticals PLC, Pabna",Tablet,2 mg,,,,,,,
Vigorex 50,Sildenafil,"Square Pharmaceuticals PLC, Pabna",Tablet,50 mg,,,,,,,
Levostar,Levosalbutamol,"Square Pharmaceuticals PLC, Pabna",Tablet,2 mg,,,,,,,
Isovent 200,Misoprostol,"Square Pharmaceuticals PLC, Pabna",Tablet,200 mcg,,,,,,,
Nimocal,Nimodipine,"Square Pharmaceuticals PLC, Pabna",Tablet,30 mg,,,,,,,
Mucospel,Bromhexine Hydrochloride,"Square Pharmaceuticals PLC, Pabna",Syrup,4 mg/5 ml,,,,,,,
Zox,Nitazoxanide,"Square Pharmaceuticals PLC, Pabna",Tablet,500 mg,,,,,,,
Dumeg 500,Imeglimin Hydrochloride,"Square Pharmaceuticals PLC, Pabna",Tablet,500 mg,,,,,,,
Peridol,Haloperidol,"Square Pharmaceuticals PLC, Pabna",Tablet,2 mg,,,,,,,
Zox,Nitazoxanide,"Square Pharmaceuticals PLC, Pabna",Powder For Suspension,100 mg/5 ml,,,,,,,
Calbo-D,Calcium + Vitamin,"Square Pharmaceuticals PLC, Pabna",Sachet,D3  500 mg + 440 IU,,,,,,,
Methicol,Mecobalamin,"Square Pharmaceuticals PLC, Pabna",Injection,.5 mg/ml,,,,,,,
D-Balance,Cholecalciferol (Vit.,"Square Pharmaceuticals PLC, Pabna",Oral Solution,D3)  2000 IU/ml,,,,,,,
Temlo,Timolol Maleate,"Square Pharmaceuticals PLC, Pabna",Eye Drops,0.50%,,,,,,,
Entacyd,Aluminium Hydroxide + Magnesium Hydroxide,"Square Pharmaceuticals PLC, Pabna",Tablet,250 mg + 400 mg,,,,,,,
Rezulin,Metformin Hydrochloride + Pioglitazone,"Square Pharmaceuticals PLC, Pabna",Tablet,500 mg + 15 mg,,,,,,,
Esrufen,Ibuprofen,"Square Pharmaceuticals PLC, Pabna",Suspension,100 mg/5 ml,,,,,,,
Anzitor EZ 10/10 Tablet,Atorvastatin + Ezetimibe,"Square Pharmaceuticals PLC, Pabna",Tablet,10 mg + 10 mg,,,,,,,
Amprium Vet Powder,Amprolium,"Square Pharmaceuticals PLC, Pabna",Powder,20%,,,,,,,
Genacyn,Gentamicin,"Square Pharmaceuticals PLC, Pabna",Injection,20 mg/2 ml,,,,,,,
Multivit-Vet,Dexpanthanol + Nicotinamide + Vitamin A + Vitamin,"Square Pharmaceuticals PLC, Pabna",Injection,B1 + Vitamin B12 + Vitamin B2 + Vitamin B3 + Vitamin B6 + Vitamin E  2.5 gm + 3.5 gm + 1500000 IU + 1 gm + 2.5 gm + .5 gm + 2.5 mg + .3 gm + 2 gm/100 ml,,,,,,,
Kop,Ketoprofen,"Square Pharmaceuticals PLC, Pabna",Injection,100 mg/2 ml,,,,,,,
Genacyn,Gentamicin,"Square Pharmaceuticals PLC, Pabna",Injection,20 mg/2 ml,,,,,,,
Ariprex,Aripiprazole,"Square Pharmaceuticals PLC, Pabna",Oral Solution,100 mg/100 ml,,,,,,,
Germicord Solution,Chlorhexidine Gluconate,"Square Pharmaceuticals PLC, Pabna",Solution,35.5 gm/100 ml,,,,,,,
Sepnil,Cetrimide + Chlorhexidine Gluconate,"Square Pharmaceuticals PLC, Pabna",Solution,3 gm + 300 mg/100 ml,,,,,,,
Flugal,Fluconazole,"Square Pharmaceuticals PLC, Pabna",Capsule,150 mg,,,,,,,
Comprid,Gliclazide,"Square Pharmaceuticals PLC, Pabna",Tablet,80 mg,,,,,,,
Telmiok plus 40/12,Hydrochlorothiazide + Telmisartan,"Square Pharmaceuticals PLC, Pabna",Tablet,12.5 mg + 40 mg,,,,,,,
Urso 150,Ursodeoxycholic Acid,"Square Pharmaceuticals PLC, Pabna",Tablet,150 mg,,,,,,,
Nacromin,Sodium Cromoglycate,"Square Pharmaceuticals PLC, Pabna",Eye Drops,40 mg/ml,,,,,,,
Germitane,Chlorhexidine Gluconate,"Square Pharmaceuticals PLC, Pabna",Cream,1%,,,,,,,
EFO,Formoterol Fumarate,"Square Pharmaceuticals PLC, Pabna",Inhalation Capsule,12 mcg,,,,,,,
Deflacort 24,Deflazacort,"Square Pharmaceuticals PLC, Pabna",Tablet,24 mg,,,,,,,
Erisen-vet,Erythromycin Thiocyanate + Sulphadiazine + Trimethoprim,"Square Pharmaceuticals PLC, Pabna",Powder,18 gm + 15 gm + 3 gm/100 gm,,,,,,,
Uriten,Alfuzosin Hydrochloride,"Square Pharmaceuticals PLC, Pabna",Er Tablet,10 mg,,,,,,,
Orostar Plus,Eucalypytol + Menthol + Methyl Salicylate + Sodium Fluoride + Thymol,"Square Pharmaceuticals PLC, Pabna",Mouth Wash,92 mg + 42 mg + 60 mg + 20 mg + 64 mg/100 ml,,,,,,,
Nacromin,Sodium Cromoglycate,"Square Pharmaceuticals PLC, Pabna",Aerosol Inhalation,1 mg/Metered Inhalation,,,,,,,
Nacromin,Sodium Cromoglycate,"Square Pharmaceuticals PLC, Pabna",Aerosol Inhalation,1 mg/Metered Inhalation,,,,,,,
Sq -Cycline,Oxytetracycline + Polymixin B Sulphate,"Square Pharmaceuticals PLC, Pabna",Eye Ointment,500 mg + 1 Lac IU/100 gm,,,,,,,
Pronor,Finasteride,"Square Pharmaceuticals PLC, Pabna",Tablet,5 mg,,,,,,,
Refamid,Isoniazid + Rifampicin,"Square Pharmaceuticals PLC, Pabna",Tablet,100 mg + 150 mg,,,,,,,
Solider 10,Solifenacin Succinate,"Square Pharmaceuticals PLC, Pabna",Tablet,10 mg,,,,,,,
Senalax,Sennosides,"Square Pharmaceuticals PLC, Pabna",Tablet,95 mg,,,,,,,
Sulprimvet,Sulphadiazine + Trimethoprim,"Square Pharmaceuticals PLC, Pabna",Suspension,40 gm + 8 gm/100 ml,,,,,,,
Zitrol,Glipizide,"Square Pharmaceuticals PLC, Pabna",Tablet,10 mg,,,,,,,
Bisocor,Bisoprolol Hemifumarate,"Square Pharmaceuticals PLC, Pabna",Tablet,10 mg,,,,,,,
Intimate,Tadalafil,"Square Pharmaceuticals PLC, Pabna",Tablet,10 mg,,,,,,,
Angivent,Trimetazidine Dihydrochloride,"Square Pharmaceuticals PLC, Pabna",Tablet,35 mg,,,,,,,
Linita,Linagliptin,"Square Pharmaceuticals PLC, Pabna",Tablet,5 mg,,,,,,,
Solider 5,Solifenacin Succinate,"Square Pharmaceuticals PLC, Pabna",Tablet,5 mg,,,,,,,
Intimate,Tadalafil,"Square Pharmaceuticals PLC, Pabna",Tablet,5 mg,,,,,,,
Sultolin,Salbutamol,"Square Pharmaceuticals PLC, Pabna",Tablet,8 mg,,,,,,,
Bisocor,Bisoprolol Hemifumarate,"Square Pharmaceuticals PLC, Pabna",Tablet,5 mg,,,,,,,
Zitrol,Glipizide,"Square Pharmaceuticals PLC, Pabna",Tablet,5 mg,,,,,,,
Ariprex 10,Aripiprazole,"Square Pharmaceuticals PLC, Pabna",Tablet,10 mg,,,,,,,
Flexi SR,Aceclofenac,"Square Pharmaceuticals PLC, Pabna",Er Tablet,200 mg,,,,,,,
Frabex,Tranexamic Acid,"Square Pharmaceuticals PLC, Pabna",Injection,250 mg/5 ml,,,,,,,
Sultolin,Salbutamol,"Square Pharmaceuticals PLC, Pabna",Aerosol Inhalation,100 mcg/Metered Inhalation,,,,,,,
Sultolin,Salbutamol,"Square Pharmaceuticals PLC, Pabna",Aerosol Inhalation,100 mcg/Metered Inhalation,,,,,,,
Sultolin,Salbutamol,"Square Pharmaceuticals PLC, Pabna",Aerosol Inhalation,100 mcg/Metered Inhalation,,,,,,,
Selecox,Celecoxib,"Square Pharmaceuticals PLC, Pabna",Capsule,200 mg,,,,,,,
Prosalic,Betamethasone + Salicylic Acid,"Square Pharmaceuticals PLC, Pabna",Lotion,.05 gm + 2 gm/100 ml,,,,,,,
Vanprox,Cefpodoxime,"Square Pharmaceuticals PLC, Pabna",Capsule,200 mg,,,,,,,
Contilex TS,Chondroitin + Glucosamine,"Square Pharmaceuticals PLC, Pabna",Tablet,600 mg + 750 mg,,,,,,,
Ferglucon,Ferrous Gluconate,"Square Pharmaceuticals PLC, Pabna",Syrup,300 mg/5 ml,,,,,,,
Urso 300,Ursodeoxycholic Acid,"Square Pharmaceuticals PLC, Pabna",Tablet,300 mg,,,,,,,
Specbac,Meropenem,"Square Pharmaceuticals PLC, Pabna",Injection,500 mg/vial,,,,,,,
Sultolin Respirator Solution,Salbutamol,"Square Pharmaceuticals PLC, Pabna",Nebuliser Solution,5 mg/ml,,,,,,,
Vanprox,Cefpodoxime,"Square Pharmaceuticals PLC, Pabna",Powder For Suspension,80 mg/5 ml,,,,,,,
Selecox,Celecoxib,"Square Pharmaceuticals PLC, Pabna",Capsule,100 mg,,,,,,,
Vanprox,Cefpodoxime,"Square Pharmaceuticals PLC, Pabna",Capsule,100 mg,,,,,,,
Fanil,Sodium Cromoglycate,"Square Pharmaceuticals PLC, Pabna",Capsule,100 mg,,,,,,,
Flexi,Aceclofenac,"Square Pharmaceuticals PLC, Pabna",Tablet,100 mg,,,,,,,
Sultolin,Salbutamol,"Square Pharmaceuticals PLC, Pabna",Syrup,2 mg/5 ml,,,,,,,
Alopec,Finasteride,"Square Pharmaceuticals PLC, Pabna",Tablet,1 mg,,,,,,,
Antrax,Tranexamic Acid,"Square Pharmaceuticals PLC, Pabna",Injection,500 mg/5 ml,,,,,,,
Specbac,Meropenem,"Square Pharmaceuticals PLC, Pabna",Injection,1 gm/vial,,,,,,,
Frabex,Tranexamic Acid,"Square Pharmaceuticals PLC, Pabna",Injection,500 mg/5 ml,,,,,,,
Splendora,Minoxidil,"Square Pharmaceuticals PLC, Pabna",Scalp Lotion,20 mg/ml,,,,,,,
Nacromin,Sodium Cromoglycate,"Square Pharmaceuticals PLC, Pabna",Nasal Spray,20 mg/ml,,,,,,,
Nacromin,Sodium Cromoglycate,"Square Pharmaceuticals PLC, Pabna",Eye Drops,20 mg/ml,,,,,,,
Vanprox,Cefpodoxime,"Square Pharmaceuticals PLC, Pabna",Paediatric Drops,20 mg/ml,,,,,,,
Nacromin,Sodium Cromoglycate,"Square Pharmaceuticals PLC, Pabna",Nasal Drops,30 mg/ml,,,,,,,
Nacromin,Sodium Cromoglycate,"Square Pharmaceuticals PLC, Pabna",Nasal Drops,20 mg/ml,,,,,,,
Sepnil,Cetrimide + Chlorhexidine Gluconate,"Square Pharmaceuticals PLC, Pabna",Solution,15 gm + 1.5 gm/100 ml,,,,,,,
Deflacort,Deflazacort,"Square Pharmaceuticals PLC, Pabna",Suspension,120 mg/100 ml,,,,,,,
Deflacort 6,Deflazacort,"Square Pharmaceuticals PLC, Pabna",Tablet,6 mg,,,,,,,
Contilex,Chondroitin + Glucosamine,"Square Pharmaceuticals PLC, Pabna",Tablet,200 mg + 250 mg,,,,,,,
Flugal,Fluconazole,"Square Pharmaceuticals PLC, Pabna",Powder For Suspension,50 mg/5 ml,,,,,,,
Splendora,Minoxidil,"Square Pharmaceuticals PLC, Pabna",Scalp Lotion,50 mg/ml,,,,,,,
Refamid,Isoniazid + Rifampicin,"Square Pharmaceuticals PLC, Pabna",Tablet,150 mg + 300 mg,,,,,,,
Pit,Pyrantel Pamoate,"Square Pharmaceuticals PLC, Pabna",Suspension,500 mg/10 ml,,,,,,,
562,Ammonium Bicarbonate + Gentian + Ginger + Nux vomica + Sodium Bicarbonate,"Square Pharmaceuticals PLC, Pabna",Powder,25 gm + 1.5 gm + 1.5 gm + 7 gm + 65 gm/100 gm,,,,,,,
Defiron,Iron Sucrose (Iron (Iii) Hydroxide Sucrose Complex),"Square Pharmaceuticals PLC, Pabna",Injection,100 mg/5 ml,,,,,,,
Vertina-D,Doxylamine Succinate + Pyridoxine Hydrochloride,"Square Pharmaceuticals PLC, Pabna",Dr Tablet,10 mg + 10 mg,,,,,,,
Ultivent Cozycap,Glycopyrronium + Indacaterol,"Square Pharmaceuticals PLC, Pabna",Inhalation Capsule,50 mcg + 110 mcg,,,,,,,
Nacromin,Sodium Cromoglycate,"Square Pharmaceuticals PLC, Pabna",Aerosol Inhalation,5 mg/Metered Inhalation,,,,,,,
Colmint 187mg Capsule,Peppermint Oil,"Square Pharmaceuticals PLC, Pabna",Capsule,.2 ml,,,,,,,
Zitrol,Glipizide,"Square Pharmaceuticals PLC, Pabna",Tablet,2.5 mg,,,,,,,
Dirumide,Amiloride Hydrochloride + Hydrochlorothiazide,"Square Pharmaceuticals PLC, Pabna",Tablet,5 mg + 50 mg,,,,,,,
Bisocor,Bisoprolol Hemifumarate,"Square Pharmaceuticals PLC, Pabna",Tablet,2.5 mg,,,,,,,
Dormitol,Midazolam,"Square Pharmaceuticals PLC, Pabna",Tablet,7.5 mg,,,,,,,
Vanprox,Cefpodoxime,"Square Pharmaceuticals PLC, Pabna",Powder For Suspension,40 mg/5 ml,,,,,,,
Dormitol,Midazolam,"Square Pharmaceuticals PLC, Pabna",Injection,15 mg/3 ml,,,,,,,
Nalgesic,Buprenorphine,"Square Pharmaceuticals PLC, Pabna",Injection,300 mcg/ml,,,,,,,
Bipen,Benzyl Penicillin,"Square Pharmaceuticals PLC, Pabna",Injection,40 Lac Unit,,,,,,,
Nacromin Cozycap,Sodium Cromoglycate,"Square Pharmaceuticals PLC, Pabna",Inhalation Capsule,20 mg,,,,,,,
Nacromin,Sodium Cromoglycate,"Square Pharmaceuticals PLC, Pabna",Aerosol Inhalation,2 mg/Metered Inhalation,,,,,,,
Germisol,Chlorhexidine Gluconate,"Square Pharmaceuticals PLC, Pabna",Hand Rub,500 mg/100 ml,,,,,,,
Intimate 20,Tadalafil,"Square Pharmaceuticals PLC, Pabna",Tablet,20 mg,,,,,,,
Deflacort 18,Deflazacort,"Square Pharmaceuticals PLC, Pabna",Tablet,18 mg,,,,,,,
Esmo,Isosorbide Mononitrate,"Square Pharmaceuticals PLC, Pabna",Tablet,20 mg,,,,,,,
Laxyl,Bromazepam,"Square Pharmaceuticals PLC, Pabna",Tablet,3 mg,,,,,,,
Gigabac 4.5 M IM/IV Inj,Colistin,"Square Pharmaceuticals PLC, Pabna",Injection,150 mg/vial,,,,,,,
Sultolin Cozycap,Salbutamol,"Square Pharmaceuticals PLC, Pabna",Inhalation Capsule,200 mcg,,,,,,,
Lido,Lidocaine,"Square Pharmaceuticals PLC, Pabna",Spray,10 gm/100 ml,,,,,,,
Flugal,Fluconazole,"Square Pharmaceuticals PLC, Pabna",Capsule,50 mg,,,,,,,
ResQ 30 Licap,Coenzyme,"Square Pharmaceuticals PLC, Pabna",Capsule,Q10 (Ubidecarenone)  30 mg,,,,,,,
RexQ 60 Licap,Coenzyme,"Square Pharmaceuticals PLC, Pabna",Capsule,Q10 (Ubidecarenone)  60 mg,,,,,,,
Methicol,Mecobalamin,"Square Pharmaceuticals PLC, Pabna",Injection,.5 mg/ml,,,,,,,
Relatro 50,Dantrolene Sodium,"Square Pharmaceuticals PLC, Pabna",Capsule,50 mg,,,,,,,
Deflacort 30,Deflazacort,"Square Pharmaceuticals PLC, Pabna",Tablet,30 mg,,,,,,,
Anclog,Aspirin + Clopidogrel,"Square Pharmaceuticals PLC, Pabna",Tablet,75 mg + 75 mg,,,,,,,
Gasmot 2.5,Mosapride Citrate,"Square Pharmaceuticals PLC, Pabna",Tablet,2.5 mg,,,,,,,
Siglita,Sitagliptin,"Square Pharmaceuticals PLC, Pabna",Tablet,25 mg,,,,,,,
Rupadin,Rupatadine,"Square Pharmaceuticals PLC, Pabna",Tablet,10 mg,,,,,,,
Sultolin,Salbutamol,"Square Pharmaceuticals PLC, Pabna",Tablet,4 mg,,,,,,,
Esmo,Isosorbide Mononitrate,"Square Pharmaceuticals PLC, Pabna",Tablet,40 mg,,,,,,,
Laxyl,Bromazepam,"Square Pharmaceuticals PLC, Pabna",Tablet,1.5 mg,,,,,,,
Prazolok 5,Prazosin,"Square Pharmaceuticals PLC, Pabna",Tablet,5 mg,,,,,,,
Vigorex 100,Sildenafil,"Square Pharmaceuticals PLC, Pabna",Tablet,100 mg,,,,,,,
Dormitol,Midazolam,"Square Pharmaceuticals PLC, Pabna",Tablet,15 mg,,,,,,,
Dormitol,Midazolam,"Square Pharmaceuticals PLC, Pabna",Injection,5 mg/ml,,,,,,,
Seclo,Omeprazole,"Square Pharmaceuticals PLC, Pabna",Capsule,20 mg,,,,,,,
Alp,Alprazolam,"Square Pharmaceuticals PLC, Pabna",Tablet,.5 mg,,,,,,,
Xenole,Esomeprazole + Naproxen,"Square Pharmaceuticals PLC, Pabna",Tablet,20 mg + 500 mg,,,,,,,
Psorix,Tazarotene,"Square Pharmaceuticals PLC, Pabna",Gel,.05 gm/100 gm,,,,,,,
Afun,Clotrimazole,"Square Pharmaceuticals PLC, Pabna",Cream,1 gm/100 gm,,,,,,,
Frabex,Tranexamic Acid,"Square Pharmaceuticals PLC, Pabna",Tablet,500 mg,,,,,,,
Flugal,Fluconazole,"Square Pharmaceuticals PLC, Pabna",Capsule,200 mg,,,,,,,
Deflacort 12,Deflazacort,"Square Pharmaceuticals PLC, Pabna",Tablet,12 mg,,,,,,,
Flugal,Fluconazole,"Square Pharmaceuticals PLC, Pabna",Paediatric Drops,50 mg/5 ml,,,,,,,
Flugal,Fluconazole,"Square Pharmaceuticals PLC, Pabna",Suspension,50 mg/5 ml,,,,,,,
Prosalic,Betamethasone + Salicylic Acid,"Square Pharmaceuticals PLC, Pabna",Ointment,.05 gm + 3 gm/100 gm,,,,,,,
Kop,Ketoprofen,"Square Pharmaceuticals PLC, Pabna",Tablet,200 mg,,,,,,,
Evit,Vitamin E,"Square Pharmaceuticals PLC, Pabna",Capsule,600 mg,,,,,,,
D-Balance 1000 IU Licap,Cholecalciferol (Vit.,"Square Pharmaceuticals PLC, Pabna",Capsule,D3)  1000 IU,,,,,,,
Xenole 375,Esomeprazole + Naproxen,"Square Pharmaceuticals PLC, Pabna",Tablet,20 mg + 375 mg,,,,,,,
Seclo DR 20,Omeprazole,"Square Pharmaceuticals PLC, Pabna",Dr Tablet,20 mg,,,,,,,
Uriten,Alfuzosin Hydrochloride,"Square Pharmaceuticals PLC, Pabna",Tablet,10 mg,,,,,,,
Cefdir,Cefdinir,"Square Pharmaceuticals PLC, Pabna",Capsule,300 mg,,,,,,,
EFO,Formoterol Fumarate,"Square Pharmaceuticals PLC, Pabna",Inhalation Capsule,12 mcg,,,,,,,
Alp,Alprazolam,"Square Pharmaceuticals PLC, Pabna",Tablet,.25 mg,,,,,,,
Gasmot 5,Mosapride Citrate,"Square Pharmaceuticals PLC, Pabna",Tablet,5 mg,,,,,,,
Solider,Solifenacin Succinate,"Square Pharmaceuticals PLC, Pabna",Oral Solution,1 mg/ml,,,,,,,
Metfo-G 1,Glimepiride + Metformin Hydrochloride,"Square Pharmaceuticals PLC, Pabna",Tablet,1 mg + 500 mg,,,,,,,
Metfo-G 2,Glimepiride + Metformin Hydrochloride,"Square Pharmaceuticals PLC, Pabna",Tablet,2 mg + 500 mg,,,,,,,
Fexo 120,Fexofenadine Hydrochloride,"Square Pharmaceuticals PLC, Pabna",Tablet,120 mg,,,,,,,
Fexo 180,Fexofenadine Hydrochloride,"Square Pharmaceuticals PLC, Pabna",Tablet,180 mg,,,,,,,
Tofenac,Diclofenac Sodium,"Square Pharmaceuticals PLC, Pabna",Tablet,50 mg,,,,,,,
Fexo,Fexofenadine Hydrochloride,"Square Pharmaceuticals PLC, Pabna",Suspension,30 mg/5 ml,,,,,,,
Pep,Famotidine,"Square Pharmaceuticals PLC, Pabna",Tablet,20 mg,,,,,,,
Pep,Famotidine,"Square Pharmaceuticals PLC, Pabna",Tablet,40 mg,,,,,,,
Rupadin,Rupatadine,"Square Pharmaceuticals PLC, Pabna",Oral Solution,5 mg/5 ml,,,,,,,
Neotack 150,Ranitidine,"Square Pharmaceuticals PLC, Pabna",Tablet,150 mg,,,,,,,
Antigrad,Montelukast,"Square Pharmaceuticals PLC, Pabna",Chewable Tablet,4 mg,,,,,,,
Antigrad,Montelukast,"Square Pharmaceuticals PLC, Pabna",Chewable Tablet,5 mg,,,,,,,
Antigrad,Montelukast,"Square Pharmaceuticals PLC, Pabna",Tablet,10 mg,,,,,,,
Antigrad,Montelukast,"Square Pharmaceuticals PLC, Pabna",Oral Granules,4 mg/Sachet,,,,,,,
